obfuscated_code_percentage,suspicious_api_calls,eval_usage_count,external_script_loads,third_party_requests,tracking_domains_count,data_sent_size_kb,encrypted_requests_ratio,hidden_elements_count,fingerprinting_attempts,auto_redirects,popup_frequency,privacy_risk_score,tracking_intensity,malicious_probability,confidence_level,primary_threats
52.77,3,1,1,12,5,431.11,0.29,0,3,3,3,21.28,low,0.18,0.91,"tracking,fingerprinting"
4.19,5,5,1,11,10,155.48,0.1,3,2,4,4,22.42,low,0.19,0.81,"tracking,fingerprinting"
80.35,9,5,1,10,0,410.84,0.03,0,3,2,4,24.37,low,0.2,0.8,fingerprinting
92.41,1,5,7,12,8,333.5,0.46,1,0,0,4,23.24,low,0.19,0.81,tracking
4.01,9,1,4,1,7,193.15,0.71,5,0,0,5,20.07,low,0.17,0.8,tracking
88.86,1,2,2,12,1,63.63,0.81,1,3,2,1,16.89,low,0.14,0.95,fingerprinting
50.11,10,0,6,4,0,354.14,0.75,1,2,4,0,15.01,low,0.13,0.97,fingerprinting
13.81,9,3,8,10,1,420.55,0.11,0,2,0,0,11.71,low,0.1,0.88,fingerprinting
38.75,6,0,4,4,4,331.45,0.53,5,0,3,5,18.54,low,0.15,0.72,tracking
68.37,6,3,8,7,5,13.17,0.63,0,3,0,4,26.17,low,0.22,0.91,"tracking,fingerprinting"
39.09,1,0,8,7,0,294.92,0.42,4,0,2,0,4.58,low,0.04,0.97,
67.83,1,3,2,5,2,319.2,0.17,3,0,2,0,9.45,low,0.08,0.96,
63.95,3,5,2,6,10,314.91,0.35,3,2,4,0,21.73,low,0.18,0.73,"tracking,fingerprinting"
13.87,3,2,1,14,9,84.82,0.53,3,2,3,1,17.05,low,0.14,0.76,"tracking,fingerprinting"
61.32,6,2,2,6,1,280.79,0.15,5,0,2,1,12.47,low,0.1,0.75,
3.76,2,1,1,9,5,4.94,0.84,3,1,1,2,11.04,low,0.09,0.76,tracking
24.43,0,5,4,5,8,277.41,0.59,3,1,2,4,17.44,low,0.15,0.82,tracking
28.65,1,3,2,4,1,298.46,0.02,3,0,2,2,7.2,low,0.06,0.74,
84.04,8,2,8,16,2,387.44,0.1,1,0,2,0,15.74,low,0.13,0.96,
7.14,7,5,0,10,3,232.86,0.5,1,0,4,0,8.38,low,0.07,0.8,
10.92,0,2,6,17,4,210.26,0.47,5,0,3,4,10.43,low,0.09,0.93,tracking
91.5,5,4,1,9,9,79.65,0.42,2,1,2,4,28.48,low,0.24,0.9,tracking
65.39,7,5,8,15,5,118.61,0.22,0,2,2,4,24.87,low,0.21,0.99,"tracking,fingerprinting"
1.45,3,3,7,14,6,70.31,0.32,5,3,0,4,18.48,low,0.15,0.82,"tracking,fingerprinting"
42.06,8,4,7,8,3,215.71,0.84,4,2,3,2,18.54,low,0.15,0.75,fingerprinting
72.36,4,4,2,3,10,310.03,0.93,3,1,0,3,25.57,low,0.21,0.76,tracking
48.11,6,2,5,7,6,367.32,0.77,1,1,2,0,16.48,low,0.14,0.83,tracking
6.22,5,5,0,12,4,288.01,0.9,1,0,2,5,14.62,low,0.12,0.96,tracking
5.29,2,2,6,12,1,195.89,0.86,0,2,3,2,8.86,low,0.07,0.82,fingerprinting
78.08,5,2,0,14,6,30.37,0.82,1,0,0,1,18.47,low,0.15,0.86,tracking
16.75,8,4,5,12,2,356.56,0.1,4,2,3,5,19.01,low,0.16,0.95,fingerprinting
80.0,6,1,1,7,9,267.69,0.98,1,2,1,3,28.33,low,0.24,0.74,"tracking,fingerprinting"
32.7,2,0,4,12,8,71.83,0.3,0,2,4,2,18.6,low,0.16,0.93,"tracking,fingerprinting"
80.98,5,0,2,19,5,78.49,0.73,5,0,3,1,17.76,low,0.15,0.97,tracking
76.57,6,3,8,17,2,345.09,0.94,1,3,3,4,23.99,low,0.2,0.88,fingerprinting
97.78,8,1,5,3,10,254.09,0.24,3,3,1,0,30.11,low,0.25,0.72,"tracking,fingerprinting"
66.83,9,3,4,20,6,236.99,0.62,1,2,1,0,22.02,low,0.18,0.88,"tracking,fingerprinting"
49.36,0,2,0,12,5,62.59,0.63,2,0,2,0,9.94,low,0.08,0.91,tracking
79.14,1,0,0,1,8,29.85,0.56,5,0,3,1,17.91,low,0.15,0.71,tracking
58.07,5,3,3,9,1,266.48,0.29,3,0,4,2,12.81,low,0.11,0.87,
62.96,7,5,3,12,10,107.3,0.53,5,0,0,3,24.96,low,0.21,0.83,tracking
68.6,3,5,5,7,2,130.21,0.33,0,1,3,3,16.53,low,0.14,0.88,
11.95,2,4,6,9,8,233.39,0.59,1,2,2,4,19.2,low,0.16,0.97,"tracking,fingerprinting"
56.98,4,2,8,3,10,104.65,0.03,2,2,3,3,25.7,low,0.21,0.74,"tracking,fingerprinting"
86.82,2,0,0,12,1,181.8,0.29,5,1,2,5,19.35,low,0.16,0.84,
4.65,1,4,5,3,1,89.83,0.07,1,3,3,5,13.8,low,0.11,0.9,fingerprinting
58.55,3,2,3,3,2,334.05,0.65,1,1,2,1,12.85,low,0.11,0.86,
35.7,0,3,8,0,1,103.23,0.43,0,0,2,5,11.24,low,0.09,0.73,
32.88,4,0,8,14,1,437.92,0.36,5,0,1,1,8.29,low,0.07,0.79,
81.56,1,0,4,4,3,49.11,0.94,3,1,0,0,13.49,low,0.11,0.92,
57.69,0,5,3,17,8,182.53,0.98,3,1,0,2,18.1,low,0.15,0.97,tracking
8.74,2,0,8,12,9,359.63,0.52,5,0,4,1,12.54,low,0.1,0.79,tracking
38.72,1,5,0,4,0,111.41,0.55,1,3,3,5,16.21,low,0.14,0.89,fingerprinting
91.94,0,3,5,19,2,300.39,0.57,2,2,2,1,15.86,low,0.13,0.87,fingerprinting
50.21,6,0,6,20,10,482.5,0.86,2,1,4,1,22.02,low,0.18,0.98,tracking
36.33,4,5,6,3,9,181.46,0.2,0,1,3,4,22.3,low,0.19,0.96,tracking
50.95,9,1,8,0,7,138.59,0.96,5,2,1,2,24.09,low,0.2,0.97,"tracking,fingerprinting"
19.89,10,4,7,3,7,0.17,0.28,0,3,4,1,21.99,low,0.18,0.72,"tracking,fingerprinting"
27.83,1,4,1,16,3,235.11,0.0,3,1,3,4,13.45,low,0.11,0.9,
90.51,0,5,2,18,6,3.26,0.08,2,2,2,1,19.72,low,0.16,0.85,"tracking,fingerprinting"
18.15,8,3,4,5,4,207.78,0.67,1,3,2,5,22.81,low,0.19,0.93,"tracking,fingerprinting"
54.02,1,1,8,6,5,377.6,0.71,1,0,3,1,12.4,low,0.1,0.74,tracking
45.3,8,0,8,17,7,133.69,0.03,2,0,4,4,22.2,low,0.18,0.77,tracking
65.61,10,3,8,0,9,445.7,0.25,1,2,3,4,30.89,low,0.26,0.88,"tracking,fingerprinting"
44.74,1,1,1,9,2,282.18,0.76,0,0,2,5,13.81,low,0.12,0.82,
85.87,5,4,0,3,5,13.9,0.16,4,1,4,5,25.25,low,0.21,0.71,tracking
20.85,9,3,5,19,8,11.73,0.06,4,1,3,2,20.42,low,0.17,0.77,tracking
32.8,9,3,6,15,7,389.6,0.34,2,1,1,5,24.61,low,0.21,0.98,tracking
94.95,0,5,5,14,10,353.19,0.63,3,1,0,0,21.16,low,0.18,0.8,tracking
4.01,9,1,6,6,3,234.49,0.55,5,1,2,2,13.73,low,0.11,0.77,
40.22,2,3,3,1,2,432.58,0.97,5,3,4,3,16.36,low,0.14,0.79,fingerprinting
33.32,8,4,5,1,3,279.18,0.43,5,0,3,0,11.67,low,0.1,0.81,
87.03,7,0,4,20,8,191.7,0.46,1,3,3,3,30.37,low,0.25,0.93,"tracking,fingerprinting"
93.92,9,4,8,19,5,214.4,0.29,1,2,1,4,29.06,low,0.24,0.81,"tracking,fingerprinting"
96.88,8,4,8,20,7,147.92,0.27,5,2,2,1,26.69,low,0.22,0.92,"tracking,fingerprinting"
60.78,0,4,7,10,9,85.52,0.76,3,1,4,3,20.74,low,0.17,0.97,tracking
19.55,6,1,8,10,2,7.1,0.39,2,2,3,5,17.96,low,0.15,0.88,fingerprinting
60.23,2,3,0,8,6,247.82,0.2,2,1,2,4,20.36,low,0.17,0.75,tracking
77.89,1,5,8,4,7,82.87,0.13,1,2,4,1,20.12,low,0.17,0.76,"tracking,fingerprinting"
97.88,1,3,0,15,5,325.53,0.85,0,0,1,4,20.79,low,0.17,0.77,tracking
24.34,5,3,2,9,0,332.35,0.32,0,0,3,2,8.43,low,0.07,0.95,
37.29,4,4,0,5,3,85.59,0.03,1,0,1,0,9.4,low,0.08,0.84,
31.25,10,4,3,6,9,377.0,0.52,4,1,0,5,27.12,low,0.23,0.89,tracking
64.1,7,0,7,15,4,281.79,0.85,2,0,4,4,20.41,low,0.17,0.87,tracking
40.14,1,3,1,8,3,187.88,0.41,5,2,2,3,15.01,low,0.13,0.74,fingerprinting
92.33,1,5,1,8,7,210.04,0.09,4,2,0,2,22.9,low,0.19,0.87,"tracking,fingerprinting"
89.06,9,3,2,16,2,435.9,0.55,3,3,2,3,25.91,low,0.22,0.73,fingerprinting
39.91,3,1,4,3,4,285.98,0.11,0,2,4,0,13.32,low,0.11,0.77,"tracking,fingerprinting"
99.08,9,0,7,16,7,386.18,0.26,0,0,3,4,28.24,low,0.24,0.97,tracking
26.17,2,0,7,13,5,168.03,0.81,1,3,4,1,15.28,low,0.13,0.77,"tracking,fingerprinting"
47.47,9,0,4,18,8,394.9,0.43,3,3,1,5,30.41,low,0.25,0.74,"tracking,fingerprinting"
5.93,9,3,0,15,7,492.36,0.95,0,1,1,4,20.59,low,0.17,0.81,tracking
60.6,9,5,7,2,6,137.4,0.2,2,0,1,2,20.73,low,0.17,0.81,tracking
29.79,6,1,6,1,1,199.47,0.1,4,2,4,4,16.65,low,0.14,0.83,fingerprinting
54.21,7,4,1,4,2,197.86,0.11,3,2,2,1,16.75,low,0.14,0.9,fingerprinting
3.18,5,5,4,17,10,449.99,0.4,0,0,0,0,13.65,low,0.11,0.84,tracking
53.71,5,2,4,10,0,100.68,0.68,1,2,1,4,17.37,low,0.14,0.8,fingerprinting
90.67,7,2,1,18,5,137.9,0.65,1,0,2,4,24.07,low,0.2,0.78,tracking
73.66,8,2,5,9,10,102.1,0.48,5,3,4,5,34.37,low,0.29,0.93,"tracking,fingerprinting"
59.45,8,2,3,9,0,346.37,0.85,2,1,1,1,14.28,low,0.12,0.78,
51.01,8,1,3,5,7,459.81,0.9,1,2,4,1,22.1,low,0.18,0.9,"tracking,fingerprinting"
23.82,4,1,4,19,8,298.17,0.05,0,3,4,1,19.38,low,0.16,0.74,"tracking,fingerprinting"
31.79,1,3,2,19,5,270.51,0.24,0,2,4,4,17.51,low,0.15,0.84,"tracking,fingerprinting"
86.33,0,2,4,18,5,250.07,1.0,0,0,1,4,18.97,low,0.16,0.91,tracking
11.18,9,0,2,9,1,146.1,0.65,5,1,0,2,12.45,low,0.1,0.99,
48.97,0,2,5,5,3,43.52,0.56,5,3,2,2,15.56,low,0.13,0.8,fingerprinting
81.89,10,1,6,2,6,83.87,0.13,3,3,0,1,27.19,low,0.23,0.77,"tracking,fingerprinting"
57.75,7,5,6,5,2,35.38,0.75,4,0,2,0,12.44,low,0.1,0.77,
37.42,0,1,0,7,3,318.54,0.65,5,0,0,0,6.74,low,0.06,0.7,
80.41,7,4,8,11,2,184.86,0.65,5,1,3,2,19.04,low,0.16,0.78,
92.78,5,4,2,7,0,197.63,0.25,3,2,2,1,17.28,low,0.14,0.88,fingerprinting
35.84,4,1,1,1,8,448.33,0.57,2,0,2,5,20.92,low,0.17,0.79,tracking
38.63,2,1,8,20,7,91.39,0.8,5,2,0,0,15.53,low,0.13,0.91,"tracking,fingerprinting"
50.3,4,1,3,15,6,278.89,0.62,0,1,4,0,15.36,low,0.13,0.9,tracking
32.38,8,4,6,9,6,427.66,0.22,4,0,2,2,17.24,low,0.14,0.7,tracking
1.46,7,3,7,0,5,204.49,0.18,2,2,4,3,17.15,low,0.14,0.76,"tracking,fingerprinting"
46.61,0,2,1,2,2,44.51,0.72,4,3,4,4,16.99,low,0.14,0.91,fingerprinting
29.71,9,1,4,2,9,129.11,0.21,5,1,0,0,19.64,low,0.16,0.87,tracking
43.04,2,2,1,0,3,103.18,0.01,0,1,4,1,11.64,low,0.1,0.95,
17.02,8,3,4,0,2,481.35,0.3,0,3,0,3,18.04,low,0.15,0.9,fingerprinting
54.79,7,0,3,17,1,177.35,0.61,5,1,0,0,12.81,low,0.11,0.91,
97.43,4,3,2,11,0,127.04,0.54,0,0,0,0,12.41,low,0.1,0.77,
29.31,2,4,4,12,10,424.2,0.23,5,2,2,1,18.93,low,0.16,0.86,"tracking,fingerprinting"
16.66,10,1,4,9,0,99.54,0.71,1,2,3,2,14.33,low,0.12,0.95,fingerprinting
87.22,1,3,7,14,4,279.69,0.73,1,2,0,4,22.06,low,0.18,0.83,"tracking,fingerprinting"
17.62,0,4,1,5,8,390.31,0.18,1,3,4,3,18.76,low,0.16,0.97,"tracking,fingerprinting"
47.01,0,0,0,10,4,180.26,0.77,5,1,0,3,14.37,low,0.12,0.83,tracking
78.38,10,2,8,9,8,53.17,0.78,5,2,4,5,32.5,low,0.27,0.93,"tracking,fingerprinting"
80.72,1,4,1,13,8,73.09,0.09,5,2,4,0,20.07,low,0.17,0.72,"tracking,fingerprinting"
89.15,4,4,6,12,8,392.15,0.19,1,2,0,3,26.92,low,0.22,0.89,"tracking,fingerprinting"
14.3,10,4,0,12,3,437.61,0.63,1,3,4,5,22.76,low,0.19,0.9,fingerprinting
48.53,6,4,8,17,1,393.56,0.62,4,1,1,1,12.85,low,0.11,0.83,
36.33,9,3,1,10,5,58.02,0.44,0,1,2,2,18.97,low,0.16,0.79,tracking
13.12,4,2,8,13,8,426.49,0.06,5,2,4,3,19.31,low,0.16,0.78,"tracking,fingerprinting"
62.23,9,3,3,8,0,391.57,0.46,2,0,3,2,14.89,low,0.12,0.78,
60.4,10,5,4,10,9,490.89,0.5,5,2,2,3,29.04,low,0.24,0.99,"tracking,fingerprinting"
55.09,7,5,5,9,9,412.37,0.88,4,2,0,3,26.51,low,0.22,0.76,"tracking,fingerprinting"
34.66,4,2,6,11,9,72.28,0.33,1,2,3,4,23.8,low,0.2,0.89,"tracking,fingerprinting"
75.08,8,4,2,19,9,72.07,0.14,1,1,2,1,24.84,low,0.21,0.77,tracking
50.22,3,2,5,15,2,145.88,0.91,1,0,4,1,10.36,low,0.09,0.82,
33.8,1,5,2,14,5,189.54,0.56,4,3,2,0,14.05,low,0.12,0.83,"tracking,fingerprinting"
94.7,6,3,4,20,5,127.64,0.16,4,1,2,2,22.8,low,0.19,0.82,tracking
70.94,2,0,7,20,6,6.61,0.19,0,1,4,3,20.09,low,0.17,0.97,tracking
87.98,4,0,8,12,0,334.94,0.35,1,1,4,2,15.8,low,0.13,0.7,
12.21,5,0,4,5,10,66.64,0.6,1,1,4,5,22.89,low,0.19,0.75,tracking
96.68,5,1,4,3,2,411.81,0.44,0,1,4,5,23.33,low,0.19,0.81,
87.69,5,0,7,0,5,191.13,0.52,1,3,0,3,26.1,low,0.22,0.71,"tracking,fingerprinting"
5.07,5,5,5,20,8,240.44,0.95,4,2,1,1,16.51,low,0.14,0.76,"tracking,fingerprinting"
18.95,0,2,5,13,2,129.69,0.35,5,0,0,0,3.89,low,0.03,0.93,
60.39,2,0,3,3,9,0.95,0.37,4,3,3,2,24.04,low,0.2,0.87,"tracking,fingerprinting"
99.4,5,0,6,15,3,213.42,0.1,4,2,3,4,24.94,low,0.21,0.91,fingerprinting
60.85,2,5,2,4,9,63.6,0.85,1,1,4,1,19.42,low,0.16,0.87,tracking
40.29,3,0,3,16,2,152.64,0.19,1,2,2,5,18.03,low,0.15,0.95,fingerprinting
86.11,9,2,2,17,0,331.22,0.97,4,2,1,0,17.94,low,0.15,0.98,fingerprinting
89.55,3,0,4,13,8,1.27,0.59,4,0,0,4,24.29,low,0.2,0.72,tracking
49.93,2,1,7,17,6,484.81,0.87,3,0,0,4,17.66,low,0.15,0.85,tracking
51.43,9,2,1,15,5,117.42,0.25,5,1,2,1,19.14,low,0.16,0.85,tracking
70.72,6,2,4,7,8,357.67,0.84,3,2,4,2,25.07,low,0.21,0.86,"tracking,fingerprinting"
34.9,4,2,7,4,10,499.3,0.91,5,3,1,5,27.82,low,0.23,0.76,"tracking,fingerprinting"
15.71,8,2,4,8,6,131.07,0.57,0,0,1,5,19.57,low,0.16,0.91,tracking
57.62,6,2,7,2,7,389.25,0.42,4,1,4,2,21.1,low,0.18,0.7,tracking
43.43,2,4,6,3,2,215.52,0.38,0,0,4,5,14.34,low,0.12,0.82,
45.44,5,1,5,2,1,16.98,0.08,4,0,1,5,15.54,low,0.13,0.96,
19.17,5,3,4,20,8,223.76,0.05,2,1,0,1,16.25,low,0.14,0.92,tracking
31.89,3,1,3,0,9,426.38,0.97,0,0,4,4,19.52,low,0.16,0.92,tracking
43.8,1,2,3,14,6,253.84,0.48,0,2,2,3,18.38,low,0.15,0.89,"tracking,fingerprinting"
73.62,1,2,7,8,4,341.1,0.32,2,1,1,3,17.7,low,0.15,0.9,tracking
67.59,8,2,3,14,9,337.65,0.52,3,2,0,2,27.09,low,0.23,0.77,"tracking,fingerprinting"
26.02,5,2,4,1,0,332.76,0.72,0,2,2,2,11.94,low,0.1,0.95,fingerprinting
14.3,2,0,8,6,4,370.11,0.28,3,0,4,1,8.1,low,0.07,0.98,tracking
21.17,4,4,0,9,1,63.59,0.35,0,3,3,4,16.12,low,0.13,0.74,fingerprinting
7.42,8,0,0,12,8,422.49,0.46,2,1,3,2,18.41,low,0.15,0.81,tracking
69.68,0,3,2,10,7,356.64,0.47,2,3,4,2,21.63,low,0.18,0.93,"tracking,fingerprinting"
3.43,9,5,5,2,1,94.41,0.41,4,3,1,5,19.01,low,0.16,0.86,fingerprinting
98.78,3,0,4,8,4,142.64,0.24,0,2,3,5,25.88,low,0.22,0.87,"tracking,fingerprinting"
39.73,2,3,4,4,10,18.88,0.87,2,1,4,1,18.31,low,0.15,0.97,tracking
87.03,2,0,8,11,4,426.8,0.47,5,3,4,4,24.37,low,0.2,0.98,"tracking,fingerprinting"
73.17,3,5,4,19,0,477.16,0.83,1,2,0,5,19.32,low,0.16,0.92,fingerprinting
21.84,4,0,0,6,7,65.97,0.58,3,2,1,1,16.52,low,0.14,0.81,"tracking,fingerprinting"
56.42,9,1,7,15,10,283.87,0.91,3,3,4,1,27.98,low,0.23,0.88,"tracking,fingerprinting"
38.83,2,3,4,9,10,393.71,0.61,5,1,0,2,19.55,low,0.16,0.83,tracking
40.85,9,1,0,19,3,57.49,0.88,4,0,1,4,18.42,low,0.15,0.88,
68.17,9,3,4,8,7,397.52,0.35,3,1,2,3,25.48,low,0.21,0.76,tracking
34.61,9,4,0,1,3,408.16,0.75,1,3,0,5,24.13,low,0.2,0.88,fingerprinting
36.8,5,4,3,10,10,94.89,0.31,1,3,3,1,23.35,low,0.19,0.76,"tracking,fingerprinting"
84.57,5,2,5,19,3,413.73,0.67,1,0,3,3,18.79,low,0.16,0.96,
6.71,10,3,7,6,4,83.72,0.12,0,0,0,1,12.67,low,0.11,0.72,tracking
60.77,2,1,6,2,0,165.91,0.88,2,0,2,1,8.74,low,0.07,0.8,
31.76,9,0,7,17,2,302.68,0.32,4,3,3,0,16.18,low,0.13,0.89,fingerprinting
96.19,8,0,6,7,8,417.44,0.03,5,3,4,3,31.95,low,0.27,0.76,"tracking,fingerprinting"
33.11,7,0,5,12,5,62.38,0.6,0,1,1,3,18.64,low,0.16,0.91,tracking
49.77,2,3,6,6,3,467.11,0.8,5,3,1,4,19.64,low,0.16,0.91,fingerprinting
75.68,0,1,3,19,10,473.48,0.56,4,2,0,4,26.23,low,0.22,0.82,"tracking,fingerprinting"
88.02,9,2,8,12,7,443.7,0.32,0,2,3,5,31.8,low,0.27,0.71,"tracking,fingerprinting"
7.74,2,2,8,10,4,358.37,0.92,4,1,2,3,11.77,low,0.1,0.9,tracking
95.56,9,0,3,5,1,96.31,0.17,2,2,1,2,22.56,low,0.19,0.98,fingerprinting
63.59,9,1,4,14,6,296.93,0.97,2,3,0,0,23.36,low,0.19,0.87,"tracking,fingerprinting"
76.2,3,5,3,9,10,42.67,0.3,1,3,1,0,24.62,low,0.21,0.98,"tracking,fingerprinting"
22.37,9,0,2,14,1,493.65,0.11,3,0,1,3,13.24,low,0.11,0.72,
20.25,4,1,8,16,9,401.25,0.55,4,3,2,5,25.36,low,0.21,0.7,"tracking,fingerprinting"
3.21,1,2,2,12,9,484.25,0.46,5,0,4,2,12.65,low,0.11,0.84,tracking
4.58,6,5,2,3,5,118.08,0.4,4,1,3,0,11.12,low,0.09,0.72,tracking
60.31,9,5,0,8,4,385.61,0.02,4,2,2,4,24.7,low,0.21,0.72,"tracking,fingerprinting"
45.24,9,3,6,11,8,475.01,0.85,5,2,2,5,28.52,low,0.24,0.84,"tracking,fingerprinting"
62.45,7,4,4,13,2,37.06,0.94,1,1,2,2,17.25,low,0.14,0.78,
27.29,1,4,1,3,5,493.31,0.06,1,2,0,3,15.73,low,0.13,0.7,"tracking,fingerprinting"
35.12,2,5,1,10,0,103.55,0.18,2,1,3,5,13.18,low,0.11,0.86,
91.12,7,3,3,5,10,263.56,0.41,2,1,3,1,26.78,low,0.22,0.8,tracking
88.36,1,5,5,15,9,58.46,0.45,2,1,0,5,26.84,low,0.22,0.76,tracking
64.84,5,4,7,15,3,141.68,0.27,5,2,4,4,21.48,low,0.18,0.98,fingerprinting
93.32,1,2,3,11,3,260.92,0.76,0,0,4,3,17.0,low,0.14,0.81,
78.31,0,4,2,8,7,395.37,0.45,0,0,3,1,16.16,low,0.13,0.78,tracking
70.51,1,4,0,2,8,200.97,0.71,1,1,4,2,20.05,low,0.17,0.89,tracking
73.27,0,4,1,13,6,351.02,0.92,1,2,3,3,20.66,low,0.17,0.73,"tracking,fingerprinting"
63.68,5,2,1,17,5,311.16,0.72,2,0,4,0,14.7,low,0.12,0.93,tracking
82.64,2,4,0,3,2,347.35,0.56,2,3,3,3,20.6,low,0.17,0.91,fingerprinting
20.39,9,2,2,9,7,158.92,0.75,1,1,2,4,22.04,low,0.18,0.76,tracking
39.77,0,0,7,16,0,444.06,0.28,1,1,3,4,10.98,low,0.09,0.99,
70.29,5,3,2,2,3,154.02,0.31,1,2,3,2,19.36,low,0.16,0.75,fingerprinting
4.63,3,0,3,0,4,88.82,0.33,0,3,3,0,11.46,low,0.1,0.88,"tracking,fingerprinting"
38.78,5,2,0,5,2,206.93,0.39,1,3,0,0,14.21,low,0.12,0.91,fingerprinting
92.77,7,0,2,19,6,420.94,0.39,5,2,0,0,23.28,low,0.19,0.76,"tracking,fingerprinting"
55.81,2,1,0,11,0,66.82,0.12,4,1,3,2,11.25,low,0.09,0.94,
89.81,3,3,2,15,7,358.2,0.17,4,2,0,0,21.31,low,0.18,0.84,"tracking,fingerprinting"
77.61,10,2,1,6,8,267.42,0.31,2,2,4,2,28.43,low,0.24,0.8,"tracking,fingerprinting"
12.24,1,5,7,0,5,115.35,0.23,2,3,1,1,13.22,low,0.11,0.72,"tracking,fingerprinting"
57.47,5,3,2,7,5,20.28,0.96,2,1,2,5,22.41,low,0.19,0.73,tracking
81.97,9,2,4,3,4,263.09,0.22,3,3,3,5,29.86,low,0.25,0.85,"tracking,fingerprinting"
90.31,8,4,0,19,1,96.45,0.03,1,2,3,3,22.7,low,0.19,0.7,fingerprinting
92.76,7,2,4,10,4,388.75,0.24,2,2,4,2,23.94,low,0.2,0.72,"tracking,fingerprinting"
24.17,5,5,8,5,10,243.26,0.15,5,3,4,2,23.42,low,0.2,0.99,"tracking,fingerprinting"
85.94,4,1,2,17,3,324.58,0.02,3,2,0,0,17.59,low,0.15,0.95,fingerprinting
32.13,2,2,7,8,9,456.81,0.89,1,1,0,4,20.55,low,0.17,0.95,tracking
0.64,0,4,4,13,8,201.59,0.77,3,3,0,5,19.73,low,0.16,0.99,"tracking,fingerprinting"
63.47,0,4,3,10,2,398.9,0.11,1,0,0,3,12.35,low,0.1,0.73,
27.82,1,3,5,6,10,371.74,0.91,1,3,1,4,23.78,low,0.2,0.96,"tracking,fingerprinting"
63.7,8,2,5,8,7,232.22,0.41,1,1,4,3,24.37,low,0.2,0.88,tracking
77.78,8,3,4,0,6,9.33,0.02,1,1,0,0,20.78,low,0.17,0.98,tracking
73.17,2,2,4,16,2,403.78,0.66,4,3,0,4,20.98,low,0.17,0.99,fingerprinting
32.88,7,1,7,19,2,51.0,0.93,1,1,4,3,15.62,low,0.13,0.96,
37.83,6,4,2,18,2,23.65,0.16,0,1,1,1,12.78,low,0.11,0.93,
42.8,3,0,8,16,9,271.67,0.92,4,0,3,4,20.61,low,0.17,0.8,tracking
69.27,6,3,7,16,9,90.22,0.34,3,0,2,5,26.59,low,0.22,0.72,tracking
51.33,9,1,0,11,2,166.44,0.15,1,1,3,5,21.47,low,0.18,0.91,
29.94,5,2,8,9,9,270.65,0.11,5,0,1,2,17.99,low,0.15,0.84,tracking
31.51,8,5,3,18,6,137.55,0.83,4,2,2,0,17.82,low,0.15,0.93,"tracking,fingerprinting"
55.53,10,4,3,8,10,366.13,0.49,3,0,1,0,22.22,low,0.19,0.87,tracking
50.41,7,4,0,2,1,206.86,0.99,4,2,3,1,15.37,low,0.13,0.82,fingerprinting
28.35,7,3,2,0,6,246.51,0.22,5,3,2,0,18.5,low,0.15,0.76,"tracking,fingerprinting"
39.32,8,1,5,13,2,488.98,0.23,2,3,1,5,22.93,low,0.19,0.75,fingerprinting
98.3,9,2,3,6,10,480.12,0.69,0,0,0,5,32.5,low,0.27,0.77,tracking
42.15,10,2,7,8,8,156.82,0.84,4,2,1,3,26.21,low,0.22,0.82,"tracking,fingerprinting"
13.6,9,2,5,11,3,467.72,0.99,4,2,3,5,20.36,low,0.17,0.84,fingerprinting
4.55,5,3,5,10,6,169.92,0.36,3,0,4,3,13.79,low,0.11,0.95,tracking
50.06,1,3,8,6,8,163.93,0.11,3,2,0,2,19.67,low,0.16,0.83,"tracking,fingerprinting"
28.6,2,1,6,8,0,457.65,0.77,3,1,0,5,12.53,low,0.1,0.91,
48.93,7,1,4,4,10,356.78,0.61,1,0,1,3,23.56,low,0.2,0.76,tracking
26.16,0,3,5,2,7,182.15,0.19,0,2,0,2,15.62,low,0.13,0.85,"tracking,fingerprinting"
50.28,6,3,7,11,4,220.22,0.51,3,2,4,3,20.36,low,0.17,0.79,"tracking,fingerprinting"
72.4,2,1,8,11,1,158.44,0.44,4,0,1,1,10.91,low,0.09,0.75,
47.68,3,3,2,17,9,271.28,0.54,1,3,0,0,20.77,low,0.17,0.71,"tracking,fingerprinting"
20.24,10,2,5,10,2,265.26,0.63,0,3,1,5,22.36,low,0.19,0.95,fingerprinting
47.56,3,2,2,20,7,330.96,0.04,5,2,0,4,22.42,low,0.19,0.83,"tracking,fingerprinting"
10.61,1,2,1,3,0,375.13,0.03,2,0,2,1,3.06,low,0.03,0.78,
27.82,6,0,3,12,4,318.12,0.09,5,0,0,0,10.78,low,0.09,0.76,tracking
25.24,2,5,7,3,7,462.92,0.07,4,2,4,3,18.19,low,0.15,0.92,"tracking,fingerprinting"
92.52,10,0,5,15,4,373.57,0.59,2,2,0,2,25.92,low,0.22,0.83,"tracking,fingerprinting"
86.27,10,3,5,18,5,53.8,0.28,2,1,3,1,23.29,low,0.19,0.81,tracking
36.05,8,1,7,11,9,123.91,0.86,2,1,3,1,20.94,low,0.17,0.89,tracking
11.26,5,2,5,0,3,160.48,0.28,3,2,0,1,12.13,low,0.1,0.81,fingerprinting
68.46,1,3,6,19,8,223.15,0.9,0,0,3,0,15.51,low,0.13,0.96,tracking
17.79,9,3,3,14,5,184.64,0.27,4,0,2,0,12.78,low,0.11,0.89,tracking
94.5,7,5,6,5,4,429.07,0.58,5,0,4,1,19.45,low,0.16,0.83,tracking
41.07,8,5,8,11,6,198.17,0.87,4,1,0,0,17.11,low,0.14,0.87,tracking
84.92,10,2,6,9,0,382.01,0.65,0,2,2,0,18.49,low,0.15,0.73,fingerprinting
56.34,2,0,2,18,3,140.33,0.24,3,3,1,0,14.97,low,0.12,0.72,fingerprinting
54.09,3,3,8,6,7,378.38,0.97,3,3,3,5,26.08,low,0.22,0.87,"tracking,fingerprinting"
11.65,5,2,1,17,1,443.26,0.77,0,3,4,3,14.5,low,0.12,0.81,fingerprinting
96.34,2,3,7,13,5,484.81,0.93,1,1,2,0,17.63,low,0.15,0.97,tracking
94.58,8,3,5,9,4,455.44,0.41,3,2,0,0,22.12,low,0.18,0.72,"tracking,fingerprinting"
25.63,4,2,0,2,10,394.82,0.53,3,3,1,0,20.23,low,0.17,0.85,"tracking,fingerprinting"
45.98,4,2,5,7,6,160.72,0.81,4,1,0,3,18.93,low,0.16,0.82,tracking
45.69,5,1,4,17,4,323.22,0.59,0,3,3,2,19.57,low,0.16,0.91,"tracking,fingerprinting"
16.25,7,4,0,4,1,294.99,0.42,2,3,0,0,12.29,low,0.1,0.79,fingerprinting
47.48,2,0,6,19,0,449.44,0.48,2,3,2,4,16.41,low,0.14,0.79,fingerprinting
29.44,7,3,5,7,2,238.83,0.82,1,3,0,5,21.28,low,0.18,0.99,fingerprinting
29.86,9,1,2,12,6,10.41,0.85,2,1,2,4,21.99,low,0.18,0.95,tracking
51.1,10,3,2,14,8,115.82,0.02,1,0,3,2,22.44,low,0.19,0.74,tracking
2.25,5,2,6,16,8,61.41,0.78,3,1,2,5,19.89,low,0.17,0.85,tracking
6.15,8,2,7,7,10,90.33,0.92,0,1,1,4,22.95,low,0.19,0.89,tracking
19.85,7,2,5,16,3,370.72,0.44,0,3,1,3,18.65,low,0.16,0.79,fingerprinting
88.44,4,5,7,3,9,355.43,0.43,4,2,1,2,26.51,low,0.22,0.81,"tracking,fingerprinting"
72.42,9,5,0,11,3,230.15,0.14,0,0,1,5,22.91,low,0.19,0.86,
4.97,1,0,6,8,8,8.26,0.43,1,0,1,1,10.5,low,0.09,0.71,tracking
5.96,9,1,6,14,4,74.82,0.93,3,3,0,5,22.26,low,0.19,0.71,"tracking,fingerprinting"
52.05,3,3,0,15,7,90.09,0.35,4,2,0,5,24.2,low,0.2,0.96,"tracking,fingerprinting"
24.06,3,3,3,8,6,386.01,0.4,2,3,2,2,18.07,low,0.15,0.91,"tracking,fingerprinting"
35.85,7,5,6,8,1,165.46,0.99,4,1,2,3,14.92,low,0.12,0.81,
25.27,6,1,2,2,5,7.85,0.1,3,1,1,3,17.19,low,0.14,0.91,tracking
97.83,4,4,0,10,7,30.47,0.07,5,1,1,4,26.45,low,0.22,0.79,tracking
59.99,8,0,5,15,2,286.52,0.75,0,2,0,5,23.33,low,0.19,0.92,fingerprinting
0.99,1,1,6,6,3,201.99,0.56,0,0,3,4,9.1,low,0.08,0.88,
87.44,5,5,7,20,2,175.04,0.92,5,2,4,4,22.74,low,0.19,0.74,fingerprinting
90.23,9,5,6,16,4,8.11,0.15,4,0,2,2,21.69,low,0.18,0.86,tracking
95.53,8,5,1,8,2,319.62,0.99,4,0,0,5,23.55,low,0.2,0.71,
49.93,8,2,1,13,8,145.88,0.0,1,1,0,0,19.99,low,0.17,0.79,tracking
4.96,3,5,7,5,1,206.5,0.28,1,0,4,1,4.83,low,0.04,0.73,
28.62,10,2,1,17,0,295.18,0.68,0,2,3,3,16.86,low,0.14,0.91,fingerprinting
83.96,6,4,2,12,9,338.07,0.8,0,0,0,4,26.73,low,0.22,0.86,tracking
49.3,10,2,0,5,5,382.84,0.27,2,0,0,2,19.26,low,0.16,0.95,tracking
35.81,4,3,0,9,8,31.1,0.17,3,2,1,2,20.25,low,0.17,0.95,"tracking,fingerprinting"
74.99,5,4,3,2,3,29.0,0.88,2,2,4,1,18.5,low,0.15,0.93,fingerprinting
67.56,0,0,4,11,3,100.15,0.01,1,2,0,4,18.42,low,0.15,0.81,fingerprinting
67.89,10,4,4,19,8,297.0,0.51,0,1,2,3,27.12,low,0.23,0.78,tracking
13.37,1,5,4,15,5,241.31,0.11,5,0,1,3,11.0,low,0.09,0.78,tracking
17.14,3,5,2,11,9,257.5,0.92,1,1,3,2,17.05,low,0.14,0.76,tracking
96.14,1,4,2,16,10,34.59,0.65,5,3,3,4,30.61,low,0.26,0.9,"tracking,fingerprinting"
57.58,9,3,5,20,10,456.57,0.8,3,1,3,3,27.42,low,0.23,0.87,tracking
4.47,0,0,8,7,4,183.76,0.06,0,1,3,3,10.11,low,0.08,0.92,tracking
9.91,6,1,8,7,6,301.44,0.54,5,3,4,1,17.32,low,0.14,0.7,"tracking,fingerprinting"
87.7,4,1,5,13,6,386.73,0.34,0,1,2,3,23.1,low,0.19,0.86,tracking
41.19,5,5,4,3,2,99.53,0.64,5,1,4,3,15.12,low,0.13,0.7,
67.72,1,1,0,17,3,231.0,0.25,1,0,4,1,11.77,low,0.1,0.82,
98.66,9,5,6,20,7,377.83,0.26,1,3,0,1,29.2,low,0.24,0.9,"tracking,fingerprinting"
40.11,9,2,5,8,10,301.53,0.8,4,3,2,5,31.68,low,0.26,0.76,"tracking,fingerprinting"
58.84,4,2,1,15,10,463.42,0.8,3,1,4,3,24.22,low,0.2,0.82,tracking
59.1,1,4,1,8,5,273.57,0.69,2,1,3,0,13.24,low,0.11,0.77,tracking
27.6,4,4,2,11,3,171.81,0.93,4,0,1,0,8.43,low,0.07,0.77,
70.11,0,2,4,5,3,454.33,0.16,0,1,3,3,15.68,low,0.13,0.72,
72.64,7,4,5,13,0,168.81,0.05,3,1,1,4,18.93,low,0.16,0.79,
63.86,8,1,3,8,7,404.09,0.12,3,2,0,2,24.72,low,0.21,0.98,"tracking,fingerprinting"
19.55,2,3,2,6,7,90.31,0.33,2,2,1,1,14.96,low,0.12,0.83,"tracking,fingerprinting"
87.4,7,1,0,19,1,341.11,0.89,4,0,2,1,15.74,low,0.13,0.91,
69.55,2,2,1,8,8,414.15,0.67,5,2,2,0,19.62,low,0.16,0.97,"tracking,fingerprinting"
94.72,10,4,6,4,1,482.58,0.2,0,1,2,5,25.47,low,0.21,0.76,
87.86,0,5,4,18,10,183.74,0.35,5,2,4,2,24.79,low,0.21,0.79,"tracking,fingerprinting"
4.79,10,2,1,4,0,7.41,0.5,0,1,0,5,15.48,low,0.13,0.81,
48.78,1,4,8,12,0,453.13,0.8,4,0,4,4,10.88,low,0.09,0.89,
32.63,9,3,5,6,2,364.55,0.61,5,1,1,3,16.93,low,0.14,0.91,
0.12,10,3,5,6,3,188.0,0.01,4,0,4,0,9.68,low,0.08,0.8,
55.32,8,3,6,4,1,495.68,0.19,2,2,1,0,15.2,low,0.13,0.77,fingerprinting
74.34,7,2,0,10,3,465.85,0.75,2,1,0,1,18.1,low,0.15,0.77,
46.29,8,3,7,8,3,225.86,0.14,1,0,1,1,14.3,low,0.12,0.8,
2.75,2,2,0,7,8,395.27,0.23,3,3,4,3,18.61,low,0.16,0.95,"tracking,fingerprinting"
11.88,4,1,5,18,1,308.59,0.31,2,3,1,2,12.52,low,0.1,0.71,fingerprinting
67.25,8,4,6,5,10,302.18,0.87,4,1,4,4,29.06,low,0.24,0.87,tracking
18.66,6,3,0,14,1,443.05,0.55,0,3,2,5,18.53,low,0.15,0.86,fingerprinting
56.33,7,0,1,4,0,416.89,0.11,3,0,2,0,10.3,low,0.09,0.93,
51.31,4,3,8,9,6,52.34,0.42,0,1,0,4,20.8,low,0.17,0.79,tracking
81.31,0,3,8,0,3,70.98,0.61,2,1,2,5,19.46,low,0.16,0.98,
82.2,6,5,5,17,8,379.06,0.01,2,3,2,3,29.22,low,0.24,0.83,"tracking,fingerprinting"
1.69,1,0,3,12,4,393.98,0.19,4,2,1,5,14.84,low,0.12,0.78,"tracking,fingerprinting"
31.53,9,0,7,16,6,10.17,0.77,5,0,0,5,21.82,low,0.18,0.78,tracking
39.37,5,3,6,11,7,108.13,0.11,2,3,2,3,23.27,low,0.19,0.98,"tracking,fingerprinting"
52.78,4,4,5,4,8,89.67,0.11,5,3,4,4,26.28,low,0.22,0.78,"tracking,fingerprinting"
31.98,9,2,8,0,6,454.32,0.22,0,1,0,1,18.2,low,0.15,0.85,tracking
66.57,0,1,0,17,7,376.27,0.51,2,1,1,2,17.99,low,0.15,0.84,tracking
77.89,1,0,0,5,9,449.75,0.1,4,2,0,4,26.12,low,0.22,0.98,"tracking,fingerprinting"
86.45,0,0,8,5,9,128.21,0.18,4,2,4,0,20.98,low,0.17,0.82,"tracking,fingerprinting"
87.79,3,2,8,8,2,213.13,0.75,4,0,4,5,19.45,low,0.16,0.76,
75.47,2,2,6,8,2,468.23,0.67,0,1,4,1,13.88,low,0.12,0.95,
26.96,6,5,6,14,1,333.19,0.78,4,3,0,1,14.03,low,0.12,0.84,fingerprinting
25.88,1,2,5,20,6,416.65,0.26,5,2,0,0,12.59,low,0.1,0.98,"tracking,fingerprinting"
74.76,4,4,5,1,0,309.03,0.36,5,3,1,1,16.48,low,0.14,0.72,fingerprinting
32.29,3,2,3,8,2,68.41,0.52,5,2,0,5,17.23,low,0.14,0.86,fingerprinting
36.96,2,3,5,20,4,257.18,0.76,2,0,4,0,9.03,low,0.08,0.98,tracking
21.79,0,3,8,13,9,24.79,0.71,1,3,3,2,18.85,low,0.16,0.78,"tracking,fingerprinting"
86.09,6,4,8,0,1,285.34,0.74,1,1,2,1,16.61,low,0.14,0.87,
60.87,3,5,2,10,4,5.51,0.42,4,3,1,0,17.09,low,0.14,0.71,"tracking,fingerprinting"
68.92,5,3,2,4,10,448.22,0.45,4,2,3,4,28.89,low,0.24,0.76,"tracking,fingerprinting"
28.52,4,4,3,12,3,457.69,0.91,3,2,1,3,15.85,low,0.13,0.99,fingerprinting
95.05,7,2,3,6,3,153.12,0.14,4,3,3,0,22.17,low,0.18,0.84,fingerprinting
36.7,7,1,6,6,10,318.78,0.58,1,1,3,4,25.34,low,0.21,0.95,tracking
59.88,8,5,3,8,5,120.29,0.8,4,1,4,0,17.99,low,0.15,0.93,tracking
9.52,9,2,0,13,5,280.95,0.91,1,0,2,0,11.95,low,0.1,0.85,tracking
30.6,5,0,0,11,5,404.89,0.84,0,0,0,1,12.73,low,0.11,0.97,tracking
39.21,8,1,3,20,3,272.37,0.09,3,0,0,5,18.92,low,0.16,0.9,
53.81,2,4,4,3,5,322.48,0.44,4,0,3,1,13.05,low,0.11,0.83,tracking
18.55,1,4,2,1,9,401.24,0.7,2,2,1,3,18.86,low,0.16,0.72,"tracking,fingerprinting"
12.29,1,0,7,15,5,79.37,0.73,1,2,3,2,12.9,low,0.11,0.77,"tracking,fingerprinting"
52.79,1,0,3,16,10,111.23,0.09,2,3,2,4,26.28,low,0.22,0.92,"tracking,fingerprinting"
36.39,6,0,5,0,6,460.43,0.56,4,3,4,4,23.97,low,0.2,0.84,"tracking,fingerprinting"
91.79,5,0,6,10,0,474.67,0.92,0,1,1,4,19.51,low,0.16,0.91,
38.28,8,0,8,6,5,211.79,0.1,2,1,3,1,17.16,low,0.14,0.79,tracking
23.7,0,1,3,17,10,6.37,0.14,3,1,0,5,20.7,low,0.17,0.72,tracking
43.07,8,1,0,16,10,197.66,0.98,3,2,2,2,25.64,low,0.21,0.87,"tracking,fingerprinting"
81.55,10,1,5,17,6,133.06,0.5,2,0,2,5,27.49,low,0.23,0.9,tracking
89.96,2,5,2,2,2,484.0,0.24,0,2,4,1,17.0,low,0.14,0.71,fingerprinting
51.62,8,2,7,5,4,397.01,0.87,5,1,0,5,22.83,low,0.19,0.8,tracking
78.14,3,2,4,9,10,335.14,0.59,1,1,2,5,28.15,low,0.23,0.78,tracking
93.63,4,5,8,7,2,184.28,0.95,4,3,1,3,23.03,low,0.19,0.96,fingerprinting
64.73,5,5,0,7,2,171.59,0.75,4,2,2,5,21.81,low,0.18,0.92,fingerprinting
1.29,0,0,5,19,9,50.07,0.69,2,2,2,2,15.13,low,0.13,0.71,"tracking,fingerprinting"
38.21,4,5,2,7,4,321.99,0.97,1,1,3,2,14.82,low,0.12,0.97,tracking
63.47,7,0,4,0,7,360.58,0.39,5,0,1,3,22.01,low,0.18,0.96,tracking
18.6,8,4,2,8,5,224.04,0.37,4,1,1,0,13.86,low,0.12,0.78,tracking
29.43,7,0,7,19,4,205.35,0.52,4,0,3,0,11.61,low,0.1,0.73,tracking
61.22,3,4,0,20,10,154.61,0.43,0,1,2,3,23.79,low,0.2,0.98,tracking
75.37,9,3,7,15,9,373.62,0.99,5,3,1,4,32.87,low,0.27,0.83,"tracking,fingerprinting"
78.15,4,3,8,1,5,360.43,0.95,3,0,4,3,19.48,low,0.16,0.91,tracking
81.2,2,2,6,16,1,292.0,0.87,5,3,0,1,16.79,low,0.14,0.97,fingerprinting
96.64,10,2,5,17,0,105.11,0.6,3,1,2,2,20.66,low,0.17,0.84,
22.36,1,5,1,0,8,170.77,0.25,4,0,1,0,10.9,low,0.09,0.82,tracking
94.53,2,3,8,11,1,467.89,0.98,1,3,3,5,23.45,low,0.2,0.84,fingerprinting
60.25,10,0,3,0,5,169.88,0.38,3,0,4,3,21.69,low,0.18,0.71,tracking
32.25,0,4,4,3,6,152.77,0.38,1,3,1,0,14.22,low,0.12,0.93,"tracking,fingerprinting"
63.18,8,5,8,16,8,439.34,0.28,5,0,1,0,19.65,low,0.16,0.74,tracking
45.6,6,1,6,8,2,93.87,0.42,5,3,1,3,19.56,low,0.16,0.77,fingerprinting
54.52,4,2,1,4,8,456.71,0.95,1,0,2,1,17.45,low,0.15,0.76,tracking
77.12,9,3,7,20,4,43.85,0.78,4,2,1,4,26.38,low,0.22,0.84,"tracking,fingerprinting"
40.51,0,0,2,18,0,73.62,0.18,3,3,3,0,9.05,low,0.08,0.73,fingerprinting
75.2,3,2,3,1,2,83.63,1.0,2,0,1,2,14.19,low,0.12,0.96,
8.85,8,3,6,0,10,268.84,0.81,2,2,2,0,19.55,low,0.16,0.73,"tracking,fingerprinting"
98.01,1,3,7,17,2,309.8,0.86,4,0,1,1,13.8,low,0.12,0.78,
30.5,9,3,3,0,5,418.47,0.52,3,1,2,2,18.38,low,0.15,0.83,tracking
78.94,6,5,0,10,2,332.44,0.31,1,2,1,2,19.89,low,0.17,0.85,fingerprinting
9.04,9,0,6,15,7,471.92,0.53,3,3,4,4,24.24,low,0.2,0.87,"tracking,fingerprinting"
1.47,9,3,4,17,0,221.83,0.07,1,2,1,3,13.48,low,0.11,0.81,fingerprinting
89.15,2,4,5,2,4,445.0,0.99,0,3,4,5,25.92,low,0.22,0.9,"tracking,fingerprinting"
85.42,4,5,6,17,5,139.43,0.5,2,0,0,3,20.21,low,0.17,0.8,tracking
50.93,4,1,6,5,4,236.11,0.77,0,0,1,0,11.76,low,0.1,0.88,tracking
91.12,5,3,5,20,0,372.19,0.52,0,2,0,3,19.78,low,0.16,0.77,fingerprinting
34.1,8,4,8,10,0,395.41,0.75,2,2,2,0,12.08,low,0.1,0.86,fingerprinting
10.66,4,4,4,15,7,298.63,0.18,5,3,3,5,22.4,low,0.19,0.97,"tracking,fingerprinting"
7.66,0,4,2,9,8,258.76,0.11,1,0,1,3,12.77,low,0.11,0.98,tracking
63.18,4,1,8,1,2,440.3,0.69,3,0,2,3,14.98,low,0.12,0.92,
67.23,1,1,8,1,8,346.52,0.65,5,0,4,1,16.72,low,0.14,0.75,tracking
90.69,5,3,6,18,0,320.48,0.35,1,2,4,5,22.4,low,0.19,0.76,fingerprinting
59.39,9,5,6,7,8,429.45,0.49,2,1,4,1,22.94,low,0.19,0.97,tracking
52.11,10,0,3,9,3,292.66,0.06,0,2,4,1,19.54,low,0.16,0.86,fingerprinting
21.46,8,0,6,1,1,204.23,0.06,5,2,4,1,13.15,low,0.11,0.92,fingerprinting
43.71,5,2,5,13,1,102.47,0.69,0,0,4,1,10.04,low,0.08,0.96,
14.68,8,0,6,13,9,289.36,0.39,5,2,0,1,20.47,low,0.17,0.76,"tracking,fingerprinting"
72.52,5,2,0,19,9,222.81,0.75,1,2,3,2,25.59,low,0.21,0.8,"tracking,fingerprinting"
1.94,3,4,8,9,0,1.35,0.48,1,1,4,0,3.86,low,0.03,0.76,
69.38,10,0,2,0,2,118.89,0.82,3,0,1,5,22.27,low,0.19,0.9,
96.01,0,3,4,9,9,223.53,0.46,4,2,0,3,25.93,low,0.22,0.71,"tracking,fingerprinting"
89.67,9,3,8,4,4,369.02,0.62,5,1,3,1,21.97,low,0.18,0.75,tracking
90.95,8,4,1,18,10,271.13,0.94,4,2,0,4,33.09,low,0.28,0.81,"tracking,fingerprinting"
70.15,6,0,8,16,0,44.0,0.55,5,3,1,2,18.68,low,0.16,0.87,fingerprinting
36.53,7,4,8,16,6,407.68,0.73,0,1,0,3,19.99,low,0.17,0.89,tracking
77.35,7,1,2,11,9,99.63,0.75,3,3,0,2,29.07,low,0.24,0.9,"tracking,fingerprinting"
33.14,4,0,7,6,2,241.8,0.77,4,0,0,2,10.65,low,0.09,0.78,
91.03,10,2,4,18,5,243.52,0.19,1,0,1,1,22.1,low,0.18,0.82,tracking
32.6,5,4,8,2,7,71.0,0.07,4,2,1,5,23.59,low,0.2,0.74,"tracking,fingerprinting"
70.61,9,4,5,20,10,298.82,0.78,0,0,1,2,25.73,low,0.21,0.74,tracking
91.44,1,1,1,7,2,459.03,0.39,5,0,2,4,17.14,low,0.14,0.72,
12.2,8,2,7,16,2,127.39,0.01,0,2,2,2,14.55,low,0.12,0.9,fingerprinting
23.28,4,3,0,4,10,467.73,0.13,3,3,0,5,26.66,low,0.22,0.88,"tracking,fingerprinting"
95.05,1,1,0,19,7,47.51,0.04,3,2,1,5,27.17,low,0.23,0.76,"tracking,fingerprinting"
75.7,4,2,5,12,0,79.67,0.27,4,1,1,0,11.9,low,0.1,0.92,
15.61,6,2,8,1,1,8.27,0.77,4,2,1,2,12.56,low,0.1,0.92,fingerprinting
59.02,5,1,8,18,1,393.34,0.2,4,1,4,5,18.57,low,0.15,0.98,
1.07,9,2,5,7,0,474.0,0.47,1,0,1,1,7.44,low,0.06,0.72,
43.29,2,0,5,16,9,351.73,0.22,3,3,1,2,22.33,low,0.19,0.84,"tracking,fingerprinting"
9.81,9,2,3,9,5,268.83,0.72,5,2,1,2,17.98,low,0.15,0.9,"tracking,fingerprinting"
53.32,10,0,2,19,4,238.7,0.57,2,3,0,0,21.0,low,0.17,0.97,"tracking,fingerprinting"
76.33,8,5,8,4,9,56.95,0.56,2,0,0,0,21.97,low,0.18,0.71,tracking
52.08,6,0,0,20,9,197.95,0.58,5,1,1,5,26.54,low,0.22,0.77,tracking
79.49,6,1,8,19,7,73.42,0.61,0,0,0,0,18.95,low,0.16,0.72,tracking
40.77,9,1,2,10,10,353.29,0.14,4,1,3,2,24.41,low,0.2,0.83,tracking
15.66,4,4,5,6,3,122.38,0.3,5,1,2,3,12.9,low,0.11,0.95,
75.49,8,2,7,8,7,92.95,0.5,1,2,4,5,29.88,low,0.25,0.72,"tracking,fingerprinting"
40.39,8,5,8,17,9,489.59,0.22,3,3,4,4,28.71,low,0.24,0.88,"tracking,fingerprinting"
30.69,3,3,5,16,8,320.96,0.91,2,3,4,4,23.4,low,0.2,0.86,"tracking,fingerprinting"
71.4,5,4,5,20,3,152.67,0.25,0,3,0,2,21.14,low,0.18,0.77,fingerprinting
23.35,2,3,3,13,9,139.89,0.14,3,2,1,2,18.67,low,0.16,0.78,"tracking,fingerprinting"
26.97,7,2,1,17,1,433.98,0.49,4,1,2,4,15.36,low,0.13,0.77,
98.33,10,3,1,6,8,497.63,0.53,2,1,0,2,28.83,low,0.24,0.96,tracking
25.65,6,5,3,1,6,409.2,0.08,5,0,1,1,13.9,low,0.12,0.94,tracking
37.74,9,2,7,1,6,457.97,0.87,0,0,1,0,15.77,low,0.13,0.95,tracking
72.65,4,5,2,0,10,50.32,0.58,3,0,1,0,19.93,low,0.17,0.9,tracking
95.72,5,0,6,13,4,413.74,0.78,5,2,0,4,25.57,low,0.21,0.79,"tracking,fingerprinting"
57.28,4,2,8,4,4,479.5,0.4,1,1,2,1,15.39,low,0.13,0.78,tracking
92.11,2,4,2,15,4,380.17,0.73,5,0,2,4,19.88,low,0.17,0.75,tracking
37.66,8,5,1,11,3,62.6,0.82,0,1,0,4,19.1,low,0.16,0.95,
25.6,9,0,1,14,9,138.06,0.07,5,1,4,2,21.89,low,0.18,0.92,tracking
32.87,5,1,5,15,10,398.7,0.8,1,1,0,1,19.62,low,0.16,0.84,tracking
57.88,1,4,0,7,10,488.84,0.79,2,0,3,5,23.12,low,0.19,0.96,tracking
28.53,1,1,4,0,7,476.42,0.22,1,1,0,2,14.85,low,0.12,0.87,tracking
54.46,10,2,5,3,4,376.07,0.76,2,1,4,2,20.45,low,0.17,0.92,tracking
98.39,3,0,5,20,0,276.82,0.58,3,3,2,4,22.17,low,0.18,0.76,fingerprinting
64.51,4,0,2,19,1,118.23,0.99,5,3,4,5,21.78,low,0.18,0.73,fingerprinting
25.69,2,0,3,9,2,198.51,0.92,2,2,1,4,14.57,low,0.12,0.93,fingerprinting
14.45,5,0,5,3,7,448.54,0.48,1,0,2,2,14.45,low,0.12,0.79,tracking
95.01,4,2,6,18,1,375.27,0.16,1,1,3,5,21.5,low,0.18,0.72,
99.19,3,2,3,4,4,177.61,1.0,0,0,0,4,21.25,low,0.18,0.84,tracking
51.15,4,5,7,19,9,45.53,0.77,0,0,1,0,16.78,low,0.14,0.71,tracking
67.15,10,5,3,2,3,150.33,0.04,4,3,0,5,28.05,low,0.23,0.98,fingerprinting
36.49,9,5,0,0,1,477.37,0.19,2,1,2,0,12.32,low,0.1,0.91,
73.1,4,4,8,19,4,346.99,0.86,4,0,4,4,19.31,low,0.16,0.92,tracking
94.01,7,5,0,0,9,378.12,0.22,0,0,2,1,24.4,low,0.2,0.9,tracking
57.12,8,5,4,19,9,298.3,0.98,1,0,3,2,22.71,low,0.19,0.76,tracking
77.81,3,1,7,0,10,111.67,0.49,2,1,0,0,21.45,low,0.18,0.93,tracking
18.1,9,2,7,13,2,230.5,0.78,1,1,0,3,15.48,low,0.13,0.84,
78.14,0,1,2,16,2,88.7,0.71,2,1,0,1,12.81,low,0.11,0.78,
35.77,9,0,3,19,4,158.46,0.83,1,0,1,0,13.58,low,0.11,0.8,tracking
92.4,4,3,6,6,5,63.13,0.74,4,0,4,2,19.57,low,0.16,0.71,tracking
66.26,10,0,8,12,8,298.67,0.37,3,0,2,5,27.96,low,0.23,0.9,tracking
8.44,3,2,3,12,8,470.04,0.82,1,2,3,5,20.84,low,0.17,0.98,"tracking,fingerprinting"
18.4,8,5,6,8,4,83.23,0.96,2,2,2,2,17.17,low,0.14,0.86,"tracking,fingerprinting"
75.74,6,1,7,15,3,84.72,0.32,5,0,1,4,19.91,low,0.17,0.74,
97.96,0,5,4,7,4,350.65,0.88,1,3,1,3,22.8,low,0.19,0.76,"tracking,fingerprinting"
29.77,8,4,1,2,9,175.36,0.66,4,0,2,4,22.64,low,0.19,0.94,tracking
64.78,8,0,2,20,0,445.69,0.77,1,3,0,3,20.81,low,0.17,0.84,fingerprinting
97.54,0,4,0,10,2,389.48,0.47,4,1,0,4,18.75,low,0.16,0.76,
97.29,10,3,2,19,5,95.28,0.35,0,0,1,2,24.06,low,0.2,0.72,tracking
11.62,3,1,8,4,4,209.43,0.6,3,3,1,3,16.16,low,0.13,0.95,"tracking,fingerprinting"
65.78,7,0,8,3,7,403.94,0.51,1,2,3,2,24.24,low,0.2,0.81,"tracking,fingerprinting"
16.5,0,3,2,16,8,37.55,0.07,2,2,1,2,15.65,low,0.13,0.75,"tracking,fingerprinting"
26.32,7,3,0,10,9,369.59,0.24,2,0,4,0,16.3,low,0.14,0.91,tracking
76.2,5,0,5,18,9,3.55,0.43,4,0,0,4,25.29,low,0.21,0.76,tracking
96.17,1,3,4,5,10,310.57,0.63,3,0,4,2,22.95,low,0.19,0.94,tracking
78.33,2,0,3,14,3,140.16,0.08,0,3,0,3,21.17,low,0.18,0.75,fingerprinting
16.98,2,0,7,19,8,279.82,0.67,3,3,2,1,17.36,low,0.14,0.82,"tracking,fingerprinting"
81.9,4,1,5,14,3,308.57,0.68,5,2,3,5,23.86,low,0.2,0.76,fingerprinting
59.87,7,0,3,16,0,204.02,0.28,5,2,0,3,17.99,low,0.15,0.76,fingerprinting
34.16,5,4,6,1,10,464.96,0.94,5,2,3,2,22.75,low,0.19,0.89,"tracking,fingerprinting"
70.24,3,4,4,15,5,279.9,0.87,0,1,4,4,21.02,low,0.18,0.82,tracking
72.06,0,2,7,8,7,447.71,0.47,0,1,0,0,15.87,low,0.13,0.79,tracking
35.83,0,4,5,6,2,300.21,0.05,2,2,0,0,8.92,low,0.07,0.87,fingerprinting
71.79,1,5,7,1,7,74.61,0.67,5,2,0,3,22.18,low,0.18,0.98,"tracking,fingerprinting"
41.05,0,4,1,16,8,305.71,0.5,2,0,0,1,13.44,low,0.11,0.72,tracking
16.61,0,0,1,16,5,228.94,0.1,5,2,4,2,12.66,low,0.11,0.88,"tracking,fingerprinting"
27.58,2,4,0,6,3,30.13,0.74,3,2,2,0,10.42,low,0.09,0.97,fingerprinting
62.64,9,0,2,20,1,281.66,0.49,4,0,2,4,18.6,low,0.15,0.79,
47.97,7,4,5,18,7,3.2,0.41,4,3,4,5,28.13,low,0.23,0.89,"tracking,fingerprinting"
83.75,7,3,2,9,4,179.94,0.12,3,2,4,1,21.71,low,0.18,0.79,"tracking,fingerprinting"
72.71,2,0,2,5,6,185.1,0.54,5,1,2,0,16.27,low,0.14,0.72,tracking
7.33,8,2,0,12,0,462.28,0.91,1,1,2,3,11.73,low,0.1,0.84,
16.31,1,3,5,14,4,412.7,0.66,1,3,2,2,13.96,low,0.12,0.98,"tracking,fingerprinting"
83.36,7,0,5,2,8,361.28,0.83,4,3,3,2,28.67,low,0.24,0.79,"tracking,fingerprinting"
27.52,8,5,6,19,10,172.09,0.15,1,0,2,1,19.42,low,0.16,0.73,tracking
51.92,1,3,7,13,7,216.14,0.2,0,0,2,0,12.86,low,0.11,0.92,tracking
38.38,0,2,0,8,3,217.81,0.44,4,3,4,5,18.5,low,0.15,0.83,fingerprinting
85.38,8,1,8,19,2,326.69,0.74,4,2,2,3,23.2,low,0.19,0.84,fingerprinting
99.27,8,0,0,8,9,495.22,0.61,3,3,2,5,35.93,low,0.3,0.96,"tracking,fingerprinting"
46.71,5,1,1,1,9,287.59,0.12,1,3,4,4,27.34,low,0.23,0.7,"tracking,fingerprinting"
70.96,3,2,0,18,0,274.7,0.3,2,2,3,5,19.1,low,0.16,0.84,fingerprinting
15.06,1,2,8,11,7,284.79,0.77,4,1,0,3,14.84,low,0.12,0.73,tracking
38.08,7,4,3,12,8,80.95,0.07,1,3,1,5,28.14,low,0.23,0.77,"tracking,fingerprinting"
69.46,0,5,0,20,3,393.08,0.03,4,3,4,3,18.95,low,0.16,0.91,fingerprinting
33.11,0,0,8,10,10,203.78,0.98,5,1,4,0,14.98,low,0.12,0.83,tracking
33.47,5,0,0,7,8,8.06,0.7,3,3,2,5,26.35,low,0.22,0.7,"tracking,fingerprinting"
72.69,8,1,1,12,2,79.87,0.71,1,3,4,3,23.6,low,0.2,0.83,fingerprinting
16.52,8,5,1,8,4,164.3,0.1,3,1,0,5,19.32,low,0.16,0.88,tracking
4.75,1,1,7,2,6,334.42,0.99,2,1,2,2,11.47,low,0.1,0.95,tracking
52.7,4,1,3,2,10,261.84,0.46,1,2,0,4,26.6,low,0.22,0.89,"tracking,fingerprinting"
13.37,10,5,3,2,0,217.32,0.41,1,2,4,5,18.0,low,0.15,0.78,fingerprinting
36.28,7,4,0,3,9,81.58,0.1,0,3,1,5,28.96,low,0.24,0.9,"tracking,fingerprinting"
71.55,9,4,8,17,4,282.98,0.37,0,1,0,0,18.82,low,0.16,0.79,tracking
7.18,6,0,7,7,10,60.07,0.81,0,0,1,4,20.05,low,0.17,0.97,tracking
95.89,4,5,4,0,0,101.53,0.09,4,3,0,0,17.26,low,0.14,0.82,fingerprinting
16.29,6,3,4,13,3,315.96,0.06,4,0,4,0,8.63,low,0.07,0.82,
28.63,7,3,5,20,7,55.8,0.45,3,2,4,5,24.53,low,0.2,0.82,"tracking,fingerprinting"
46.74,1,1,6,17,5,189.73,0.7,2,1,4,2,14.67,low,0.12,0.94,tracking
42.63,10,0,8,9,3,103.05,0.5,4,3,0,5,25.6,low,0.21,0.96,fingerprinting
40.18,6,3,8,12,8,274.31,0.51,0,3,2,0,21.02,low,0.18,0.92,"tracking,fingerprinting"
4.63,9,1,8,4,1,307.83,0.79,5,3,3,0,12.46,low,0.1,0.89,fingerprinting
76.77,3,5,0,5,5,46.37,0.25,0,3,4,3,23.68,low,0.2,0.75,"tracking,fingerprinting"
82.1,9,0,4,17,6,338.99,0.09,1,0,3,3,24.21,low,0.2,0.75,tracking
81.48,2,5,1,10,10,374.49,0.51,1,3,4,4,29.81,low,0.25,0.77,"tracking,fingerprinting"
31.29,7,1,5,2,0,0.57,0.14,3,1,0,4,14.8,low,0.12,0.72,
81.21,1,5,6,0,1,310.09,0.8,4,1,2,4,16.79,low,0.14,0.81,
43.22,8,4,4,9,2,403.97,0.17,1,2,4,5,21.66,low,0.18,0.7,fingerprinting
52.63,2,1,1,3,10,260.32,0.27,1,1,0,5,24.93,low,0.21,0.78,tracking
98.39,8,0,3,11,8,485.49,0.15,2,2,4,0,26.51,low,0.22,0.83,"tracking,fingerprinting"
68.04,7,2,1,20,5,242.13,0.79,2,2,1,5,26.47,low,0.22,0.72,"tracking,fingerprinting"
13.77,4,5,0,18,9,225.31,0.66,1,0,4,0,13.04,low,0.11,0.74,tracking
36.5,4,5,6,8,8,388.49,0.9,3,0,2,2,16.98,low,0.14,0.87,tracking
70.32,6,3,0,4,2,235.19,0.35,2,2,0,2,19.03,low,0.16,0.97,fingerprinting
79.76,1,1,6,4,3,464.99,0.46,2,1,4,4,18.64,low,0.16,0.91,
53.5,7,2,6,15,0,483.66,0.44,0,0,2,4,15.35,low,0.13,0.75,
60.55,7,2,6,10,4,129.62,0.38,3,1,1,3,20.39,low,0.17,0.84,tracking
12.93,10,5,7,14,4,467.67,0.88,5,0,3,0,11.96,low,0.1,0.7,tracking
38.36,2,5,8,6,0,332.14,0.13,2,3,3,4,15.5,low,0.13,0.94,fingerprinting
43.23,1,0,0,18,5,277.62,0.32,3,2,0,4,18.66,low,0.16,0.86,"tracking,fingerprinting"
7.25,3,3,3,10,9,201.0,0.26,2,3,4,0,16.72,low,0.14,0.82,"tracking,fingerprinting"
63.94,0,4,5,14,7,420.1,0.27,1,1,4,3,19.06,low,0.16,0.72,tracking
10.4,10,2,3,8,4,172.82,0.19,3,3,2,0,16.71,low,0.14,0.97,"tracking,fingerprinting"
26.22,6,3,7,3,3,265.74,0.55,2,0,1,1,10.96,low,0.09,0.78,
47.16,0,2,0,7,6,335.9,0.68,3,2,0,1,15.38,low,0.13,0.86,"tracking,fingerprinting"
17.2,9,0,6,12,7,430.75,0.36,3,0,0,5,21.39,low,0.18,0.84,tracking
93.92,3,5,0,18,9,277.78,0.08,4,1,4,4,27.39,low,0.23,0.82,tracking
76.79,3,2,4,6,1,91.57,0.97,1,2,3,1,15.35,low,0.13,0.86,fingerprinting
94.02,8,4,2,9,0,90.15,0.24,1,2,2,3,22.07,low,0.18,0.85,fingerprinting
27.5,5,0,3,4,3,335.31,0.73,2,2,2,2,15.08,low,0.13,0.97,fingerprinting
77.41,7,5,3,18,5,271.49,0.73,3,3,0,1,23.74,low,0.2,0.76,"tracking,fingerprinting"
0.4,5,3,6,4,7,239.71,0.47,0,3,1,2,18.04,low,0.15,0.73,"tracking,fingerprinting"
51.07,2,2,0,18,9,440.63,0.12,5,1,3,2,19.77,low,0.16,0.86,tracking
17.83,4,0,3,18,2,390.1,0.71,0,1,0,0,8.12,low,0.07,0.7,
37.74,0,1,4,6,9,78.99,0.59,0,3,1,1,19.11,low,0.16,0.78,"tracking,fingerprinting"
4.69,0,2,6,13,2,422.62,0.12,1,3,3,2,10.14,low,0.08,0.92,fingerprinting
25.09,5,0,0,15,2,397.5,0.58,0,1,4,5,16.18,low,0.13,0.79,
58.02,3,1,4,17,5,407.74,0.12,4,1,2,4,19.8,low,0.17,0.9,tracking
42.65,6,4,2,10,1,214.89,0.8,5,1,4,1,12.27,low,0.1,0.77,
64.77,8,4,8,19,2,304.31,0.64,2,2,0,0,17.14,low,0.14,0.88,fingerprinting
28.04,6,3,1,2,7,128.74,0.87,3,0,2,1,15.14,low,0.13,0.92,tracking
22.83,1,3,7,2,6,280.14,0.56,0,3,4,2,16.62,low,0.14,0.93,"tracking,fingerprinting"
85.71,4,0,1,14,1,325.21,0.23,0,2,3,3,19.57,low,0.16,0.78,fingerprinting
51.22,10,1,2,20,1,395.14,0.28,5,3,4,4,23.12,low,0.19,0.79,fingerprinting
20.06,4,1,8,13,9,39.07,0.07,2,1,1,2,18.01,low,0.15,0.78,tracking
46.32,4,1,4,6,4,222.84,0.05,0,0,4,1,12.63,low,0.11,0.76,tracking
5.75,8,4,8,11,8,388.73,0.07,2,3,1,5,25.57,low,0.21,0.86,"tracking,fingerprinting"
53.23,8,2,5,17,8,336.4,0.19,5,3,2,3,27.66,low,0.23,0.83,"tracking,fingerprinting"
49.26,8,5,1,11,8,145.28,0.69,2,1,1,0,19.93,low,0.17,0.98,tracking
99.75,10,4,3,2,9,7.67,0.66,1,0,4,0,25.64,low,0.21,0.76,tracking
33.68,1,4,2,14,7,39.17,0.47,0,1,2,5,19.37,low,0.16,0.92,tracking
95.79,2,2,2,8,7,326.89,0.84,2,2,2,5,27.91,low,0.23,0.91,"tracking,fingerprinting"
39.31,9,1,1,19,9,35.96,0.62,5,1,3,0,20.6,low,0.17,0.73,tracking
82.3,6,5,0,4,5,130.61,0.19,0,1,2,1,20.23,low,0.17,0.71,tracking
65.1,6,3,4,16,7,339.96,0.72,2,3,0,4,27.84,low,0.23,0.95,"tracking,fingerprinting"
98.11,0,3,6,13,5,469.13,0.09,0,1,4,0,16.48,low,0.14,0.96,tracking
28.11,5,1,6,18,7,462.85,0.36,1,0,4,0,13.14,low,0.11,0.78,tracking
69.18,9,4,0,9,4,372.38,0.4,2,0,2,0,16.92,low,0.14,0.93,tracking
40.39,4,4,3,2,9,23.08,0.36,5,2,2,5,25.71,low,0.21,0.91,"tracking,fingerprinting"
1.29,0,5,3,5,4,392.12,0.14,4,2,3,5,14.13,low,0.12,0.85,"tracking,fingerprinting"
71.18,0,1,0,15,7,383.93,0.6,4,0,0,4,19.45,low,0.16,0.91,tracking
83.3,0,3,0,1,1,7.81,0.67,5,1,3,1,12.33,low,0.1,0.95,
28.1,4,1,2,7,9,95.91,0.12,3,0,4,2,17.14,low,0.14,0.81,tracking
83.76,4,3,4,12,4,99.22,0.99,4,1,4,4,22.04,low,0.18,0.9,tracking
31.58,8,2,4,8,5,12.67,0.44,3,2,1,0,16.82,low,0.14,0.95,"tracking,fingerprinting"
25.13,10,3,7,17,8,418.15,0.29,4,2,2,3,24.51,low,0.2,0.91,"tracking,fingerprinting"
31.22,9,0,1,6,4,228.72,0.84,5,1,3,4,20.12,low,0.17,0.9,tracking
22.24,8,1,0,15,4,323.06,0.62,4,0,2,4,16.89,low,0.14,0.7,tracking
70.98,6,2,7,13,0,191.11,0.36,1,2,2,1,15.76,low,0.13,0.98,fingerprinting
73.39,6,5,7,18,0,294.67,0.49,5,0,4,3,15.34,low,0.13,0.82,
15.38,4,3,5,17,6,288.15,0.98,4,2,4,2,16.2,low,0.14,0.79,"tracking,fingerprinting"
36.31,9,0,7,10,8,373.03,0.16,2,2,0,2,23.63,low,0.2,0.72,"tracking,fingerprinting"
3.29,0,5,3,16,5,263.12,0.13,5,1,0,1,8.33,low,0.07,0.74,tracking
33.81,7,3,4,1,0,278.82,0.1,1,3,3,1,14.38,low,0.12,0.97,fingerprinting
57.08,4,1,5,5,10,28.16,0.4,1,1,4,0,20.04,low,0.17,0.81,tracking
54.06,5,1,1,5,3,400.47,0.33,3,0,1,1,13.07,low,0.11,0.78,
12.75,4,5,4,5,5,444.04,0.08,2,0,4,1,10.28,low,0.09,0.8,tracking
89.41,1,1,4,19,2,57.2,0.51,4,3,0,0,16.61,low,0.14,0.83,fingerprinting
93.29,4,2,4,1,1,336.1,0.89,1,0,3,2,15.66,low,0.13,0.9,
44.18,4,2,5,10,9,124.34,0.01,4,0,1,4,21.42,low,0.18,0.96,tracking
47.22,7,1,2,18,5,250.35,0.59,0,2,0,5,24.39,low,0.2,0.81,"tracking,fingerprinting"
74.69,8,2,4,11,9,294.36,0.86,2,3,1,5,33.47,low,0.28,0.89,"tracking,fingerprinting"
32.98,0,5,8,0,9,287.07,0.06,2,0,1,2,14.96,low,0.12,0.96,tracking
58.2,5,5,5,14,0,287.93,0.92,2,1,2,1,12.15,low,0.1,0.94,
46.54,1,0,2,0,9,181.12,0.17,4,0,0,3,18.32,low,0.15,0.86,tracking
14.22,10,5,3,16,3,102.07,0.1,0,1,2,2,15.42,low,0.13,0.93,
0.17,4,3,2,20,0,160.26,0.48,1,1,2,5,11.02,low,0.09,0.81,
28.59,2,0,2,14,6,111.0,0.52,3,3,2,5,21.86,low,0.18,0.85,"tracking,fingerprinting"
8.13,5,3,7,7,9,499.93,0.86,0,0,2,1,14.48,low,0.12,0.74,tracking
14.71,3,5,8,6,8,293.99,0.8,2,0,1,0,11.47,low,0.1,0.73,tracking
92.31,4,2,3,0,8,227.4,0.42,3,1,1,1,22.9,low,0.19,0.88,tracking
79.1,1,1,5,0,8,10.73,0.84,5,2,3,5,26.58,low,0.22,0.74,"tracking,fingerprinting"
12.45,10,0,8,14,8,381.47,0.96,0,0,1,4,21.25,low,0.18,0.79,tracking
52.53,0,4,8,2,0,56.62,0.55,0,0,4,1,6.59,low,0.05,0.71,
23.36,8,0,5,12,5,176.51,0.86,0,1,4,3,18.34,low,0.15,0.78,tracking
83.17,6,4,8,6,9,275.31,0.69,0,0,3,4,26.65,low,0.22,0.87,tracking
57.85,7,2,4,12,1,480.13,0.96,1,1,1,5,19.79,low,0.16,0.84,
48.43,10,1,4,8,6,364.83,0.72,5,2,1,3,24.84,low,0.21,0.7,"tracking,fingerprinting"
58.37,4,4,6,0,4,272.77,0.77,1,2,2,3,19.84,low,0.17,0.91,"tracking,fingerprinting"
26.06,6,5,4,19,9,28.82,0.55,3,0,0,2,18.27,low,0.15,0.96,tracking
90.57,10,4,3,1,10,261.81,0.54,0,1,4,3,31.39,low,0.26,0.84,tracking
25.76,9,3,2,2,4,182.65,0.97,3,0,3,1,13.91,low,0.12,0.82,tracking
73.2,10,2,3,14,9,464.52,0.47,4,3,4,5,34.65,low,0.29,0.84,"tracking,fingerprinting"
89.67,9,4,7,1,3,283.13,0.92,2,3,1,3,26.97,low,0.22,0.95,fingerprinting
54.29,3,1,8,1,4,22.76,0.58,1,0,2,5,18.1,low,0.15,0.71,tracking
17.61,4,2,3,19,1,0.24,0.38,3,0,2,5,12.09,low,0.1,0.91,
27.17,3,2,0,4,1,153.83,0.8,2,2,0,2,11.72,low,0.1,0.8,fingerprinting
69.81,10,0,7,0,4,194.44,0.38,5,2,3,4,26.31,low,0.22,0.88,"tracking,fingerprinting"
72.99,6,5,0,2,5,446.82,0.94,4,2,0,0,19.63,low,0.16,0.98,"tracking,fingerprinting"
34.17,8,1,5,19,10,454.09,0.97,3,1,4,4,25.75,low,0.21,0.85,tracking
49.42,2,2,7,18,0,121.77,0.17,4,2,0,0,9.61,low,0.08,0.87,fingerprinting
19.79,9,1,3,1,10,338.55,0.01,0,1,3,2,22.31,low,0.19,0.77,tracking
84.08,4,3,8,16,4,416.13,0.15,5,1,3,3,20.74,low,0.17,0.87,tracking
95.24,4,1,4,19,0,318.86,0.93,0,1,4,4,19.19,low,0.16,0.85,
84.64,6,4,7,3,0,468.28,0.68,2,1,2,5,20.8,low,0.17,0.92,
40.23,10,0,7,5,4,375.28,0.8,0,0,3,4,20.02,low,0.17,0.87,tracking
88.3,7,4,7,9,7,494.18,0.76,1,0,3,5,27.16,low,0.23,0.76,tracking
48.2,1,4,4,4,7,341.15,0.01,3,1,0,4,19.49,low,0.16,0.75,tracking
38.97,8,3,0,0,5,430.99,0.16,0,2,2,3,21.56,low,0.18,0.72,"tracking,fingerprinting"
9.48,4,3,4,18,0,296.49,0.46,0,3,4,4,13.95,low,0.12,0.88,fingerprinting
40.8,10,4,5,14,6,27.86,0.68,0,0,4,3,20.75,low,0.17,0.82,tracking
65.15,5,2,1,11,7,339.11,0.6,1,3,0,3,25.85,low,0.22,0.87,"tracking,fingerprinting"
35.56,1,0,2,20,7,159.3,0.01,1,3,0,5,22.89,low,0.19,0.92,"tracking,fingerprinting"
95.66,7,4,8,2,6,48.88,0.62,0,2,4,1,24.9,low,0.21,0.78,"tracking,fingerprinting"
15.09,0,4,8,9,8,19.89,0.6,1,1,2,1,12.51,low,0.1,0.74,tracking
62.32,6,2,8,6,6,72.42,0.07,5,0,1,3,20.23,low,0.17,0.79,tracking
76.12,6,0,7,11,8,231.82,0.68,4,0,2,1,20.95,low,0.17,0.88,tracking
21.39,3,4,7,20,8,157.22,0.51,4,2,3,0,15.47,low,0.13,0.9,"tracking,fingerprinting"
93.35,9,0,0,13,10,10.27,0.62,3,0,2,4,30.67,low,0.26,0.92,tracking
88.31,6,5,2,15,7,68.52,0.25,5,0,0,2,22.5,low,0.19,0.94,tracking
43.38,5,2,6,11,3,54.42,0.67,0,1,0,2,15.0,low,0.13,0.73,
62.76,6,3,2,15,5,385.11,0.62,5,1,3,4,22.28,low,0.19,0.87,tracking
97.3,8,4,6,9,1,370.86,0.22,0,1,0,3,21.73,low,0.18,0.71,
80.38,8,1,3,19,10,416.25,0.03,5,0,0,4,28.7,low,0.24,0.8,tracking
24.33,6,0,5,1,6,322.62,1.0,3,2,2,2,18.43,low,0.15,0.87,"tracking,fingerprinting"
51.69,2,3,6,20,0,396.6,0.47,2,2,2,2,12.5,low,0.1,0.8,fingerprinting
20.49,3,5,6,4,7,161.18,0.31,2,2,2,3,18.38,low,0.15,0.96,"tracking,fingerprinting"
9.74,0,0,3,11,8,214.37,0.89,0,1,4,5,17.31,low,0.14,0.79,tracking
91.33,1,2,2,8,2,87.45,0.41,0,1,4,0,13.47,low,0.11,0.88,
75.18,8,3,4,4,0,133.48,0.58,1,0,0,4,18.18,low,0.15,0.83,
37.14,9,2,6,10,6,130.36,0.33,3,1,2,4,22.71,low,0.19,0.93,tracking
27.6,5,0,0,7,9,85.67,0.04,3,1,2,2,19.43,low,0.16,0.85,tracking
4.47,4,1,5,17,0,448.8,0.16,1,2,1,5,13.11,low,0.11,0.72,fingerprinting
59.26,1,3,1,6,7,116.38,0.55,3,1,0,5,21.93,low,0.18,0.97,tracking
53.0,8,2,3,0,4,491.65,0.31,4,2,3,4,23.3,low,0.19,0.83,"tracking,fingerprinting"
68.8,8,3,5,17,0,417.35,0.5,4,2,4,0,15.55,low,0.13,0.95,fingerprinting
86.69,9,3,0,18,10,367.91,0.45,1,0,1,5,31.34,low,0.26,0.7,tracking
87.6,10,4,0,1,2,495.44,0.19,3,0,2,0,17.43,low,0.15,0.9,
29.07,10,5,0,16,0,171.97,0.96,4,2,4,0,12.91,low,0.11,0.72,fingerprinting
25.54,5,1,5,2,2,205.23,0.94,0,3,1,3,16.89,low,0.14,0.85,fingerprinting
91.39,5,2,3,7,2,474.77,0.03,3,0,4,0,14.47,low,0.12,0.8,
74.63,5,3,8,14,9,372.97,0.72,2,0,2,3,23.8,low,0.2,0.96,tracking
24.04,9,0,1,10,8,369.66,0.12,3,1,4,2,20.74,low,0.17,0.98,tracking
29.28,6,1,5,7,6,158.82,0.28,0,3,3,5,24.59,low,0.2,0.74,"tracking,fingerprinting"
24.94,0,3,2,15,7,231.45,0.89,5,3,4,0,14.49,low,0.12,0.73,"tracking,fingerprinting"
88.27,0,0,3,0,5,107.29,0.23,4,3,4,0,18.83,low,0.16,0.78,"tracking,fingerprinting"
72.05,2,0,1,20,8,170.63,0.39,4,1,4,5,24.87,low,0.21,0.89,tracking
44.62,4,1,1,15,6,134.73,0.42,2,2,3,0,16.46,low,0.14,0.82,"tracking,fingerprinting"
59.9,3,1,3,18,5,432.77,0.4,4,0,4,4,18.32,low,0.15,0.86,tracking
18.31,6,4,1,16,3,87.95,0.92,1,2,1,1,13.5,low,0.11,0.95,fingerprinting
88.9,4,4,1,12,7,370.01,0.81,2,0,4,2,21.22,low,0.18,0.76,tracking
13.04,5,4,4,0,1,81.55,0.39,0,0,1,5,12.3,low,0.1,0.94,
40.91,3,5,7,5,10,162.95,0.71,1,0,4,1,17.42,low,0.15,0.79,tracking
49.64,3,4,3,16,3,106.11,0.71,3,2,0,3,17.3,low,0.14,0.87,fingerprinting
99.24,9,5,5,8,5,149.02,0.84,2,0,2,2,23.59,low,0.2,0.99,tracking
77.52,1,5,6,12,0,465.5,0.22,0,1,2,3,14.09,low,0.12,0.9,
40.04,3,2,7,12,2,102.75,0.82,1,2,0,4,16.67,low,0.14,0.83,fingerprinting
0.82,8,5,3,9,7,126.35,0.92,5,0,4,2,15.08,low,0.13,0.88,tracking
49.57,2,5,4,4,5,88.57,0.86,4,2,1,2,17.29,low,0.14,0.77,"tracking,fingerprinting"
33.54,7,1,7,5,1,335.34,0.66,5,0,2,5,15.69,low,0.13,0.81,
84.4,10,4,6,17,10,329.79,0.99,0,0,2,4,30.44,low,0.25,0.77,tracking
39.64,2,2,2,0,9,483.58,0.05,1,0,1,0,14.3,low,0.12,0.72,tracking
24.4,0,1,0,18,10,162.42,0.23,5,3,4,5,24.11,low,0.2,0.92,"tracking,fingerprinting"
59.49,2,1,0,19,3,300.34,0.81,4,1,2,3,15.95,low,0.13,0.93,
4.15,0,3,4,1,7,193.53,0.63,3,2,2,5,17.42,low,0.15,0.79,"tracking,fingerprinting"
26.97,5,3,5,14,6,409.53,0.4,1,2,3,1,16.7,low,0.14,0.84,"tracking,fingerprinting"
54.07,9,0,5,3,3,238.46,0.05,5,2,2,5,24.41,low,0.2,0.78,fingerprinting
30.93,0,0,2,13,10,87.07,0.35,1,2,3,2,19.09,low,0.16,0.77,"tracking,fingerprinting"
26.05,5,2,0,18,3,439.94,0.49,5,3,1,1,15.27,low,0.13,0.78,fingerprinting
25.35,6,2,6,16,3,257.63,0.49,1,0,3,3,13.54,low,0.11,0.78,
27.05,2,0,4,20,8,184.44,0.81,3,1,0,0,13.71,low,0.11,0.96,tracking
30.55,8,3,5,5,5,389.36,0.68,4,0,0,2,16.05,low,0.13,0.83,tracking
61.5,3,1,0,7,1,302.15,0.42,5,3,2,5,20.82,low,0.17,0.88,fingerprinting
10.84,6,1,0,17,4,410.33,0.76,5,0,4,1,10.42,low,0.09,0.85,tracking
77.88,7,2,2,7,2,75.94,0.02,1,2,3,4,23.12,low,0.19,0.92,fingerprinting
2.82,4,0,7,18,2,163.72,0.14,3,3,1,3,13.95,low,0.12,0.7,fingerprinting
26.19,4,3,8,3,8,371.47,0.16,0,3,1,4,23.62,low,0.2,0.88,"tracking,fingerprinting"
57.02,9,1,6,3,1,208.53,1.0,5,0,3,5,19.37,low,0.16,0.75,
73.89,0,3,4,9,7,28.34,0.63,1,0,2,5,21.06,low,0.18,0.81,tracking
76.8,4,1,7,12,8,71.36,0.02,0,3,2,3,27.35,low,0.23,0.88,"tracking,fingerprinting"
89.14,10,0,0,13,6,337.45,0.45,4,1,3,0,23.25,low,0.19,0.86,tracking
79.98,3,1,5,10,6,331.76,0.27,1,2,3,1,20.66,low,0.17,0.91,"tracking,fingerprinting"
92.88,5,5,0,9,2,293.43,0.59,4,2,2,5,24.62,low,0.21,0.94,fingerprinting
15.51,8,1,6,6,1,229.78,0.06,0,3,0,1,14.22,low,0.12,0.79,fingerprinting
17.04,3,4,0,19,3,196.44,0.49,0,3,2,3,15.7,low,0.13,0.83,fingerprinting
2.59,4,0,5,19,8,428.83,0.98,3,1,2,3,16.59,low,0.14,0.82,tracking
90.65,8,2,6,0,0,90.55,0.7,5,1,2,1,17.4,low,0.14,0.91,
93.81,10,2,4,13,3,341.7,0.48,3,1,2,3,24.71,low,0.21,0.93,
50.29,10,1,4,16,0,155.84,0.8,2,1,3,0,13.36,low,0.11,0.74,
72.36,9,2,0,1,3,481.3,0.13,4,3,4,1,22.57,low,0.19,0.97,fingerprinting
37.85,8,2,0,7,4,386.36,0.82,4,2,4,1,17.79,low,0.15,0.86,"tracking,fingerprinting"
65.86,6,2,1,9,5,324.36,0.65,4,3,2,3,24.59,low,0.2,0.74,"tracking,fingerprinting"
39.6,9,4,0,13,0,369.27,0.86,5,1,0,1,12.96,low,0.11,0.89,
26.12,1,5,3,20,3,395.87,0.88,5,3,1,1,12.61,low,0.11,0.72,fingerprinting
21.99,4,5,0,17,2,90.4,0.29,1,1,4,2,11.2,low,0.09,0.8,
53.25,0,0,0,7,4,245.93,0.97,0,3,0,1,15.66,low,0.13,0.92,"tracking,fingerprinting"
89.29,1,5,4,19,2,358.41,0.51,4,0,1,0,11.6,low,0.1,0.94,
20.49,9,0,7,18,0,230.25,0.09,5,2,1,3,15.38,low,0.13,0.73,fingerprinting
78.06,8,1,4,1,0,223.94,0.75,2,2,4,5,23.14,low,0.19,0.97,fingerprinting
7.54,8,0,0,17,7,306.86,0.8,4,0,0,4,18.42,low,0.15,0.8,tracking
75.88,0,2,0,6,0,31.32,0.98,5,1,0,3,13.25,low,0.11,0.78,
11.68,2,1,6,8,1,361.14,0.19,1,1,2,3,9.17,low,0.08,0.8,
47.06,0,3,2,11,7,67.66,0.34,4,2,1,5,21.71,low,0.18,0.77,"tracking,fingerprinting"
9.47,3,5,2,16,6,182.59,0.9,3,2,4,3,16.28,low,0.14,0.8,"tracking,fingerprinting"
24.56,9,4,3,9,6,16.66,0.64,4,2,1,5,24.46,low,0.2,0.87,"tracking,fingerprinting"
45.84,0,3,8,0,5,56.42,0.16,3,1,0,1,12.58,low,0.1,0.91,tracking
99.64,4,3,1,3,4,213.22,0.85,2,3,3,4,26.96,low,0.22,0.78,"tracking,fingerprinting"
33.16,0,2,8,10,5,480.63,0.12,1,3,0,4,18.65,low,0.16,0.88,"tracking,fingerprinting"
84.72,5,1,1,20,9,228.52,0.91,4,0,0,2,23.47,low,0.2,0.75,tracking
81.57,1,0,3,17,10,496.47,0.37,0,1,1,1,21.82,low,0.18,0.71,tracking
41.63,5,0,2,20,2,364.71,0.37,2,1,3,3,15.16,low,0.13,0.86,
64.72,6,3,4,7,10,475.68,0.74,2,0,3,3,24.47,low,0.2,0.71,tracking
76.85,6,4,7,0,5,137.31,0.15,3,3,2,2,24.35,low,0.2,0.92,"tracking,fingerprinting"
14.18,7,4,2,2,1,101.8,0.78,4,0,4,2,9.75,low,0.08,0.8,
20.36,7,4,1,1,3,115.84,0.35,4,3,0,5,21.37,low,0.18,0.72,fingerprinting
51.24,2,2,2,18,3,209.76,0.91,1,3,2,4,19.79,low,0.16,0.78,fingerprinting
72.35,0,2,6,3,2,61.02,0.08,0,0,3,1,10.57,low,0.09,0.95,
74.67,6,2,6,14,8,250.41,0.79,5,0,4,2,22.13,low,0.18,0.73,tracking
38.16,0,3,0,7,1,403.59,0.02,2,0,1,4,10.15,low,0.08,0.76,
66.13,6,2,5,2,6,183.61,0.66,1,0,3,2,19.28,low,0.16,0.87,tracking
74.7,2,3,0,9,0,129.09,0.42,3,2,0,5,18.8,low,0.16,0.74,fingerprinting
51.67,3,0,8,13,4,235.3,0.3,5,3,1,1,17.5,low,0.15,0.76,"tracking,fingerprinting"
15.14,4,1,7,15,0,112.51,0.52,5,2,1,2,10.18,low,0.08,0.91,fingerprinting
49.19,0,4,0,11,10,404.13,0.65,4,2,3,3,22.25,low,0.19,0.97,"tracking,fingerprinting"
53.45,3,4,8,12,4,21.89,0.23,4,3,3,3,20.34,low,0.17,0.73,"tracking,fingerprinting"
7.85,10,5,0,17,9,230.55,0.24,1,0,1,5,23.12,low,0.19,0.74,tracking
48.89,8,3,1,10,8,204.74,0.69,3,3,1,2,25.89,low,0.22,0.88,"tracking,fingerprinting"
52.25,9,2,4,19,0,295.97,0.05,2,2,2,0,14.56,low,0.12,0.86,fingerprinting
35.1,5,5,7,17,4,472.25,0.71,2,3,3,1,17.18,low,0.14,0.82,"tracking,fingerprinting"
3.86,9,1,8,4,10,108.38,0.51,3,1,4,3,22.05,low,0.18,0.96,tracking
41.29,5,0,4,9,10,324.86,0.47,1,2,2,1,22.13,low,0.18,0.86,"tracking,fingerprinting"
73.3,3,5,4,9,10,34.56,0.57,5,1,1,3,25.0,low,0.21,0.75,tracking
35.51,6,4,0,7,2,18.79,0.36,4,3,4,5,21.22,low,0.18,0.96,fingerprinting
48.37,4,5,5,4,7,297.38,0.47,1,1,3,4,21.5,low,0.18,0.77,tracking
54.93,10,5,6,10,0,321.82,0.27,5,1,4,2,16.49,low,0.14,0.88,
90.09,3,2,3,14,10,283.75,0.24,0,2,3,4,29.68,low,0.25,0.9,"tracking,fingerprinting"
94.95,4,3,7,7,2,223.84,0.19,5,2,3,1,18.83,low,0.16,0.87,fingerprinting
16.13,3,4,3,8,7,425.11,0.77,2,3,0,5,22.28,low,0.19,0.91,"tracking,fingerprinting"
28.58,2,4,6,6,9,392.36,0.72,1,1,0,2,17.52,low,0.15,0.88,tracking
74.27,3,0,1,9,2,421.38,0.6,1,2,3,0,14.76,low,0.12,0.85,fingerprinting
57.18,1,0,6,9,2,447.94,0.21,3,3,2,4,18.72,low,0.16,0.97,fingerprinting
44.14,5,0,5,18,4,128.42,0.08,1,3,1,2,19.41,low,0.16,0.91,"tracking,fingerprinting"
54.12,8,0,6,7,5,451.94,0.23,4,3,2,0,20.75,low,0.17,0.91,"tracking,fingerprinting"
25.64,7,2,2,14,1,477.85,0.26,2,3,1,1,14.56,low,0.12,0.99,fingerprinting
36.56,8,3,2,6,2,116.75,0.29,0,2,3,0,14.32,low,0.12,0.85,fingerprinting
73.1,5,4,3,17,10,46.65,0.57,3,2,4,3,27.98,low,0.23,0.93,"tracking,fingerprinting"
24.76,10,0,1,13,8,131.07,0.35,4,2,3,5,27.14,low,0.23,0.95,"tracking,fingerprinting"
84.67,10,4,1,1,7,176.85,0.9,2,1,0,0,23.8,low,0.2,0.9,tracking
27.64,10,3,2,15,6,435.14,0.13,1,3,4,0,20.43,low,0.17,0.87,"tracking,fingerprinting"
97.24,5,0,4,10,8,286.57,0.83,4,3,1,4,31.39,low,0.26,0.86,"tracking,fingerprinting"
2.37,0,4,3,12,0,56.89,0.74,5,1,3,5,8.57,low,0.07,0.89,
60.55,3,1,7,7,6,444.36,0.93,3,3,0,1,20.39,low,0.17,0.74,"tracking,fingerprinting"
4.68,9,5,3,14,1,250.65,0.8,5,0,1,5,14.13,low,0.12,0.81,
24.8,2,5,0,14,3,174.27,0.86,3,2,2,3,14.15,low,0.12,0.78,fingerprinting
55.82,8,5,0,3,5,398.75,0.89,2,2,0,3,23.25,low,0.19,0.98,"tracking,fingerprinting"
59.61,2,0,4,16,1,279.26,0.45,2,1,3,2,12.63,low,0.11,0.7,
10.64,4,0,3,18,10,11.9,0.18,1,2,2,4,22.4,low,0.19,0.92,"tracking,fingerprinting"
51.91,1,1,1,10,3,298.97,0.49,0,0,0,3,12.86,low,0.11,0.96,
92.46,8,5,7,18,6,321.54,0.85,5,2,2,3,27.91,low,0.23,0.73,"tracking,fingerprinting"
34.11,3,0,6,16,8,44.35,0.02,1,0,1,3,17.41,low,0.15,0.81,tracking
30.71,5,1,0,10,9,93.0,0.07,3,1,2,3,21.07,low,0.18,0.95,tracking
70.58,0,3,2,15,0,0.84,0.66,3,0,4,5,13.72,low,0.11,0.75,
95.01,3,4,7,0,5,125.61,0.14,1,3,1,2,24.17,low,0.2,0.93,"tracking,fingerprinting"
76.4,4,4,3,6,9,192.32,0.84,0,1,0,1,22.31,low,0.19,0.91,tracking
17.92,0,5,4,7,10,200.88,0.05,1,0,0,3,15.79,low,0.13,0.74,tracking
95.57,7,4,7,20,0,267.85,0.31,3,1,2,1,17.22,low,0.14,0.82,
36.21,6,0,4,14,8,145.45,0.48,3,1,0,1,18.62,low,0.16,0.76,tracking
20.87,2,3,1,16,5,120.77,0.91,1,1,4,3,14.09,low,0.12,0.78,tracking
69.49,3,2,3,10,6,129.1,0.37,0,0,1,0,14.95,low,0.12,0.77,tracking
71.24,7,3,0,19,5,169.68,0.49,2,1,3,3,22.46,low,0.19,0.99,tracking
7.25,2,5,1,6,7,380.0,0.98,1,0,2,5,15.72,low,0.13,0.95,tracking
27.56,2,0,4,19,8,386.52,0.98,2,1,0,5,20.42,low,0.17,0.96,tracking
82.47,5,4,1,17,0,388.8,0.81,5,3,3,5,23.25,low,0.19,0.75,fingerprinting
31.45,8,1,2,6,9,283.4,0.42,5,0,4,2,20.14,low,0.17,0.72,tracking
19.28,3,1,2,0,8,403.29,0.29,4,3,2,0,16.93,low,0.14,0.83,"tracking,fingerprinting"
37.21,10,5,8,9,10,473.14,0.27,5,0,2,5,27.05,low,0.23,0.87,tracking
78.41,6,1,8,17,5,10.99,0.26,2,3,0,0,21.84,low,0.18,0.84,"tracking,fingerprinting"
44.66,0,4,3,8,10,228.88,0.15,3,0,0,3,18.47,low,0.15,0.91,tracking
38.7,2,5,8,2,10,133.79,0.44,0,1,1,1,18.2,low,0.15,0.8,tracking
81.08,0,0,1,14,8,121.61,0.56,1,3,4,2,23.77,low,0.2,0.86,"tracking,fingerprinting"
16.41,1,4,1,0,2,483.45,0.88,0,1,2,1,7.31,low,0.06,0.8,
65.04,7,2,0,8,10,21.09,0.5,0,0,2,2,23.84,low,0.2,0.99,tracking
96.34,2,0,0,12,0,419.14,0.08,3,2,0,3,18.3,low,0.15,0.71,fingerprinting
88.84,7,3,3,17,9,5.97,0.38,4,1,4,5,30.88,low,0.26,0.82,tracking
55.47,9,3,6,5,0,129.5,0.97,0,0,3,1,12.88,low,0.11,0.7,
58.1,10,1,3,8,2,114.91,0.37,1,0,3,3,18.48,low,0.15,0.89,
77.59,9,2,1,5,3,245.32,0.07,4,0,4,1,18.09,low,0.15,0.71,
44.91,8,5,4,18,3,345.44,0.71,0,3,3,3,21.82,low,0.18,0.98,fingerprinting
72.19,6,1,8,9,0,53.7,0.95,0,2,4,3,18.55,low,0.15,0.73,fingerprinting
72.17,1,3,6,4,9,129.55,0.96,2,1,0,4,23.88,low,0.2,0.76,tracking
99.56,9,5,5,4,4,270.07,0.56,5,1,0,4,26.96,low,0.22,0.95,tracking
37.76,3,2,4,5,1,393.09,0.21,1,1,0,3,12.44,low,0.1,0.75,
18.33,9,1,3,7,7,259.38,0.78,3,1,3,1,17.83,low,0.15,0.71,tracking
15.75,5,3,2,19,7,293.68,0.9,0,1,0,5,20.24,low,0.17,0.95,tracking
0.74,4,1,5,14,1,93.7,0.3,2,1,3,3,9.41,low,0.08,0.86,
31.73,10,5,3,11,4,462.08,0.39,2,3,1,1,20.17,low,0.17,0.97,"tracking,fingerprinting"
93.0,8,3,6,8,9,93.65,0.19,2,1,3,2,27.97,low,0.23,0.83,tracking
23.52,5,2,6,16,7,283.19,0.87,1,0,1,1,14.02,low,0.12,0.82,tracking
76.07,2,2,1,18,5,499.76,0.15,2,2,1,5,23.94,low,0.2,0.77,"tracking,fingerprinting"
79.64,2,3,7,10,5,43.27,0.63,4,1,1,3,19.96,low,0.17,0.73,tracking
51.25,10,2,4,6,3,194.17,0.62,5,2,3,2,20.79,low,0.17,0.98,fingerprinting
36.35,5,5,5,2,0,280.02,0.85,2,0,1,3,10.97,low,0.09,0.84,
72.89,4,3,4,0,7,141.58,0.37,0,0,4,1,18.29,low,0.15,0.81,tracking
81.01,0,1,5,4,7,63.7,0.06,4,3,1,2,22.77,low,0.19,0.72,"tracking,fingerprinting"
63.26,3,5,5,15,3,161.22,0.71,1,2,3,1,15.99,low,0.13,0.97,fingerprinting
0.12,6,2,8,1,9,393.4,0.0,3,1,4,1,16.01,low,0.13,0.87,tracking
56.0,10,4,2,12,2,411.03,0.69,0,3,0,1,20.6,low,0.17,0.92,fingerprinting
53.88,4,3,3,18,7,453.14,0.05,0,3,0,1,21.39,low,0.18,0.81,"tracking,fingerprinting"
94.16,1,1,3,8,5,31.59,0.65,3,3,2,4,25.42,low,0.21,0.88,"tracking,fingerprinting"
30.14,2,2,3,4,7,427.44,0.04,3,0,4,3,15.35,low,0.13,0.87,tracking
66.36,1,0,5,15,1,462.34,0.88,1,1,2,4,15.3,low,0.13,0.86,
40.08,5,1,5,8,8,179.33,0.84,4,1,1,0,17.01,low,0.14,0.82,tracking
46.17,3,1,4,16,6,470.93,0.36,3,0,1,4,17.95,low,0.15,0.88,tracking
25.09,1,0,6,11,0,479.87,0.11,1,1,2,3,8.84,low,0.07,0.82,
42.97,2,1,7,2,0,379.46,0.07,5,0,4,2,8.3,low,0.07,0.87,
32.85,1,2,5,2,1,78.45,0.56,5,0,1,2,7.62,low,0.06,0.75,
89.44,1,2,0,13,0,391.83,0.02,5,3,0,2,17.28,low,0.14,0.95,fingerprinting
99.13,9,2,8,17,5,433.71,0.49,0,3,1,5,32.58,low,0.27,0.74,"tracking,fingerprinting"
34.21,5,0,6,7,7,80.89,0.75,4,3,1,2,21.42,low,0.18,0.89,"tracking,fingerprinting"
28.66,9,1,5,17,10,388.24,0.2,3,0,2,1,20.2,low,0.17,0.74,tracking
25.36,4,3,6,9,0,200.88,0.22,1,0,1,1,6.54,low,0.05,0.77,
87.65,0,4,5,15,10,39.27,0.47,1,0,4,2,21.43,low,0.18,0.8,tracking
96.53,8,3,1,0,5,366.41,0.52,1,3,0,0,24.99,low,0.21,0.81,"tracking,fingerprinting"
16.47,7,4,6,20,0,61.77,0.51,2,3,2,1,12.65,low,0.11,0.78,fingerprinting
9.82,9,5,0,10,2,494.02,0.81,1,2,3,5,18.98,low,0.16,0.73,fingerprinting
25.4,1,1,6,15,6,127.11,0.27,3,2,0,3,16.54,low,0.14,0.77,"tracking,fingerprinting"
99.81,3,3,4,14,7,178.87,0.96,2,0,1,2,21.65,low,0.18,0.97,tracking
40.01,1,5,1,6,1,279.49,0.59,2,1,0,1,8.67,low,0.07,0.82,
73.38,5,0,6,0,4,200.24,0.04,1,1,0,3,20.34,low,0.17,0.92,tracking
11.84,0,2,8,15,7,203.28,0.81,5,1,2,1,11.18,low,0.09,0.97,tracking
77.07,1,2,1,0,1,14.98,0.13,3,2,1,5,19.37,low,0.16,0.79,fingerprinting
10.71,6,5,8,8,0,228.8,0.44,4,0,4,1,6.4,low,0.05,0.74,
7.11,5,1,2,20,4,210.25,0.5,1,1,1,3,13.71,low,0.11,0.97,tracking
24.15,4,1,8,2,6,258.14,0.78,0,3,2,5,22.75,low,0.19,0.74,"tracking,fingerprinting"
94.53,10,2,4,0,9,293.44,0.34,0,1,4,4,32.12,low,0.27,0.89,tracking
42.37,4,5,8,1,8,414.23,0.27,1,0,4,1,16.24,low,0.14,0.78,tracking
48.65,2,3,1,20,7,488.54,0.58,4,1,3,5,21.53,low,0.18,0.71,tracking
52.02,3,3,1,5,2,276.9,0.53,3,2,4,3,16.54,low,0.14,0.72,fingerprinting
63.28,3,2,3,18,9,349.37,0.1,2,0,1,2,19.99,low,0.17,0.73,tracking
30.67,0,2,6,8,10,152.43,0.91,3,1,3,2,17.4,low,0.15,0.82,tracking
78.75,8,0,3,7,7,291.29,0.92,5,2,2,3,27.54,low,0.23,0.88,"tracking,fingerprinting"
63.51,2,4,2,7,6,220.68,0.62,4,3,4,0,18.68,low,0.16,0.9,"tracking,fingerprinting"
34.92,8,5,4,11,4,385.86,0.81,2,3,2,4,23.16,low,0.19,0.85,"tracking,fingerprinting"
81.02,2,1,3,9,6,388.24,0.24,5,2,0,0,18.77,low,0.16,0.96,"tracking,fingerprinting"
44.67,5,5,6,15,0,451.14,0.73,3,3,2,4,18.13,low,0.15,0.79,fingerprinting
45.21,5,4,4,12,1,52.65,0.37,0,0,0,3,12.85,low,0.11,0.78,
98.76,2,4,6,17,8,188.57,0.59,5,3,2,5,30.88,low,0.26,0.75,"tracking,fingerprinting"
54.82,10,3,4,14,4,229.64,0.07,5,0,4,0,16.15,low,0.13,0.91,tracking
49.51,2,1,8,14,0,170.22,0.46,5,3,1,2,13.95,low,0.12,0.83,fingerprinting
61.18,3,1,1,20,3,165.21,0.94,3,2,0,0,14.45,low,0.12,0.81,fingerprinting
21.21,9,1,6,3,5,273.87,0.67,3,3,2,3,22.12,low,0.18,0.93,"tracking,fingerprinting"
86.91,3,2,5,1,2,461.09,0.71,0,3,2,5,24.36,low,0.2,0.81,fingerprinting
9.8,3,0,6,13,4,284.93,0.5,5,1,1,3,12.65,low,0.11,0.79,tracking
13.66,3,5,2,14,0,297.55,0.4,1,1,3,4,10.37,low,0.09,0.81,
23.45,1,0,0,4,6,69.86,0.68,1,3,2,2,16.68,low,0.14,0.88,"tracking,fingerprinting"
16.71,4,3,1,0,5,402.41,0.28,1,3,1,4,19.67,low,0.16,0.82,"tracking,fingerprinting"
64.36,1,5,7,20,6,23.41,0.74,2,0,3,5,19.77,low,0.16,0.71,tracking
37.23,2,5,2,4,5,13.27,0.94,1,0,1,0,10.06,low,0.08,0.74,tracking
94.17,6,1,8,14,3,299.37,0.67,3,2,4,5,26.42,low,0.22,0.95,fingerprinting
11.64,5,1,3,12,8,8.01,0.59,2,3,4,4,22.83,low,0.19,0.73,"tracking,fingerprinting"
83.79,10,0,3,0,4,478.28,0.15,2,2,1,1,23.71,low,0.2,0.74,"tracking,fingerprinting"
29.09,5,5,2,13,9,370.3,0.46,2,2,3,1,19.91,low,0.17,0.72,"tracking,fingerprinting"
10.51,8,1,2,17,1,192.13,0.94,5,0,4,4,12.72,low,0.11,0.71,
91.92,8,3,3,0,6,175.97,0.5,4,1,3,0,22.19,low,0.18,0.83,tracking
44.93,7,4,2,4,9,100.51,0.26,4,1,1,2,22.49,low,0.19,0.74,tracking
91.4,10,0,3,13,1,340.81,0.57,1,2,4,3,24.14,low,0.2,0.85,fingerprinting
16.8,7,0,0,11,7,82.29,0.18,3,1,0,3,19.01,low,0.16,0.9,tracking
25.45,10,5,1,2,2,350.0,0.11,1,0,4,5,17.88,low,0.15,0.93,
97.26,4,1,6,2,2,179.87,0.56,0,0,0,2,17.06,low,0.14,0.95,
11.81,9,3,3,19,6,178.48,0.29,3,3,3,1,19.51,low,0.16,0.93,"tracking,fingerprinting"
59.49,4,1,6,2,0,164.51,0.42,5,2,0,0,11.95,low,0.1,0.98,fingerprinting
37.36,4,0,7,7,3,283.7,0.85,1,2,0,0,12.74,low,0.11,0.85,fingerprinting
85.23,1,1,1,16,6,148.7,0.63,1,3,4,1,21.52,low,0.18,0.84,"tracking,fingerprinting"
13.72,5,5,1,19,1,393.68,0.91,4,1,2,3,11.37,low,0.09,0.79,
93.35,5,3,4,11,3,388.43,0.06,4,1,1,0,17.33,low,0.14,0.98,
19.94,3,4,7,15,5,448.34,0.17,1,2,2,3,16.33,low,0.14,0.98,"tracking,fingerprinting"
96.52,7,2,1,19,10,169.87,0.03,5,3,1,3,33.32,low,0.28,0.97,"tracking,fingerprinting"
73.35,8,2,4,6,10,176.09,0.41,0,3,3,3,31.67,low,0.26,0.73,"tracking,fingerprinting"
16.05,2,3,4,19,8,151.57,0.86,2,3,2,3,19.94,low,0.17,0.75,"tracking,fingerprinting"
32.44,4,4,0,2,8,486.75,0.82,3,1,4,1,16.91,low,0.14,0.82,tracking
32.68,3,5,0,12,7,198.48,0.01,4,1,4,2,16.6,low,0.14,0.83,tracking
62.49,10,4,8,12,2,334.73,0.11,4,1,3,0,16.58,low,0.14,0.8,
94.09,9,3,3,9,9,36.94,0.13,3,0,4,1,25.74,low,0.21,0.82,tracking
24.1,4,0,0,20,8,468.31,0.96,3,0,4,4,18.41,low,0.15,0.77,tracking
14.74,0,5,0,12,2,367.09,0.21,1,1,3,2,7.81,low,0.07,0.78,
83.26,3,3,8,0,4,164.63,0.82,3,0,3,3,18.33,low,0.15,0.82,tracking
67.91,4,0,8,15,2,196.47,0.74,2,3,3,2,19.12,low,0.16,0.78,fingerprinting
77.05,4,3,6,14,0,19.44,0.54,0,0,3,0,10.37,low,0.09,0.95,
28.91,9,1,5,2,10,246.96,0.56,5,1,1,0,20.56,low,0.17,0.96,tracking
57.71,0,1,4,9,2,234.46,0.57,0,0,1,1,9.1,low,0.08,0.71,
87.73,8,0,1,17,7,52.84,0.29,3,0,3,1,22.44,low,0.19,0.72,tracking
2.17,5,0,4,15,3,137.76,0.61,3,1,2,2,10.88,low,0.09,0.7,
44.95,1,0,7,1,1,326.99,0.34,1,2,3,1,10.83,low,0.09,0.9,fingerprinting
63.17,4,4,2,7,2,26.63,0.04,3,3,0,2,18.65,low,0.16,0.75,fingerprinting
98.88,5,0,0,18,0,98.82,0.77,3,3,1,4,23.55,low,0.2,0.73,fingerprinting
54.02,1,5,1,3,1,409.61,0.09,2,1,2,0,8.74,low,0.07,0.83,
56.57,8,0,4,4,4,173.48,0.03,4,3,2,2,22.66,low,0.19,0.75,"tracking,fingerprinting"
2.93,1,3,4,1,6,209.0,0.56,3,0,4,1,8.29,low,0.07,0.86,tracking
76.87,9,4,1,2,3,487.01,0.7,0,2,4,5,26.69,low,0.22,0.77,fingerprinting
31.75,6,2,6,3,2,170.41,0.23,0,1,4,2,13.51,low,0.11,0.75,
54.01,0,1,2,20,3,236.06,0.09,3,2,0,0,11.73,low,0.1,0.98,fingerprinting
96.74,6,5,4,17,10,168.25,0.71,2,3,1,0,28.67,low,0.24,0.7,"tracking,fingerprinting"
94.42,5,1,7,11,5,297.56,0.98,0,0,0,1,19.11,low,0.16,0.72,tracking
90.61,6,5,8,13,7,466.57,0.94,4,0,3,4,25.39,low,0.21,0.84,tracking
71.1,10,5,1,19,7,214.34,0.59,4,0,2,1,22.11,low,0.18,0.85,tracking
60.01,3,0,4,16,10,39.99,0.43,4,1,4,4,25.0,low,0.21,0.91,tracking
24.09,4,1,0,3,10,373.39,0.44,5,3,0,5,26.74,low,0.22,0.7,"tracking,fingerprinting"
72.08,0,0,8,1,7,25.26,0.52,1,1,0,4,21.21,low,0.18,0.88,tracking
5.47,1,1,2,13,0,303.74,0.3,3,1,1,3,6.88,low,0.06,0.83,
60.33,9,1,3,8,7,493.48,0.58,5,0,0,0,19.03,low,0.16,0.76,tracking
63.71,9,3,1,13,7,344.14,0.76,0,1,3,3,25.04,low,0.21,0.86,tracking
72.1,5,4,0,1,4,306.28,0.52,4,3,3,4,24.88,low,0.21,0.96,"tracking,fingerprinting"
19.39,1,5,5,13,1,415.63,0.12,1,1,0,2,7.94,low,0.07,0.82,
66.94,1,0,6,20,2,203.0,0.54,5,2,1,2,15.36,low,0.13,0.93,fingerprinting
73.68,10,1,1,17,2,303.14,0.32,0,1,3,1,19.03,low,0.16,0.86,
91.03,4,0,3,3,10,421.61,0.07,3,2,2,1,26.44,low,0.22,0.96,"tracking,fingerprinting"
2.26,7,2,0,16,10,475.09,0.32,3,1,3,0,16.56,low,0.14,0.75,tracking
49.82,6,4,8,1,2,141.14,0.5,3,0,4,0,10.98,low,0.09,0.88,
67.98,4,3,7,8,10,367.86,0.79,4,2,1,1,24.13,low,0.2,0.93,"tracking,fingerprinting"
40.94,6,5,4,17,6,467.0,0.05,4,2,0,4,22.76,low,0.19,0.77,"tracking,fingerprinting"
79.07,4,1,0,3,2,41.43,0.91,1,1,1,4,19.57,low,0.16,0.79,
22.81,5,0,1,1,10,275.89,0.75,5,3,4,5,27.28,low,0.23,0.95,"tracking,fingerprinting"
20.71,6,3,6,13,2,252.64,0.41,2,2,3,1,12.74,low,0.11,0.98,fingerprinting
90.28,5,3,3,2,4,58.09,0.27,4,0,1,2,19.03,low,0.16,0.73,tracking
55.19,3,1,0,12,1,179.64,0.58,1,2,4,5,18.52,low,0.15,0.82,fingerprinting
90.37,10,2,5,10,8,39.11,0.73,1,0,0,2,26.37,low,0.22,0.99,tracking
12.39,2,1,3,20,1,49.16,0.69,1,0,1,1,4.91,low,0.04,0.93,
13.63,1,4,1,4,4,24.94,0.63,5,1,1,3,11.7,low,0.1,0.8,tracking
42.31,3,4,3,3,6,78.04,0.89,0,1,0,0,13.9,low,0.12,0.76,tracking
40.97,1,2,0,15,1,307.77,0.3,4,3,2,2,13.43,low,0.11,0.99,fingerprinting
71.49,4,0,1,17,6,284.14,0.46,2,0,1,0,15.82,low,0.13,0.91,tracking
72.87,5,5,7,13,4,470.88,0.77,0,0,3,1,15.95,low,0.13,0.76,tracking
12.66,9,3,0,6,0,268.2,0.5,2,0,1,4,12.6,low,0.1,0.88,
